,#agents,current step,#positives,#neutrals,#negatives,#experts,#liars,#initial_connections,#news,#cluster distance,#comm_protocol,#conv_protocol,#steps
0,100,1,5,90,5,5,5,200,1,0,random,discussion,1500
0,100,2,5,90,5,5,5,200,1,0,random,discussion,1500
0,100,3,5,90,5,5,5,200,1,0,random,discussion,1500
0,100,4,5,90,5,5,5,200,1,0,random,discussion,1500
0,100,5,5,90,5,5,5,200,1,0,random,discussion,1500
0,100,6,5,89,6,5,5,200,1,0,random,discussion,1500
0,100,7,5,89,6,5,5,200,1,0,random,discussion,1500
0,100,8,5,89,6,5,5,200,1,0,random,discussion,1500
0,100,9,5,89,6,5,5,200,1,0,random,discussion,1500
0,100,10,5,89,6,5,5,200,1,0,random,discussion,1500
0,100,11,5,89,6,5,5,200,1,0,random,discussion,1500
0,100,12,5,89,6,5,5,200,1,0,random,discussion,1500
0,100,13,5,89,6,5,5,200,1,0,random,discussion,1500
0,100,14,5,89,6,5,5,200,1,0,random,discussion,1500
0,100,15,5,89,6,5,5,200,1,0,random,discussion,1500
0,100,16,5,89,6,5,5,200,1,0,random,discussion,1500
0,100,17,5,89,6,5,5,200,1,0,random,discussion,1500
0,100,18,5,89,6,5,5,200,1,0,random,discussion,1500
0,100,19,5,89,6,5,5,200,1,0,random,discussion,1500
0,100,20,5,89,6,5,5,200,1,0,random,discussion,1500
0,100,21,5,89,6,5,5,200,1,0,random,discussion,1500
0,100,22,5,89,6,5,5,200,1,0,random,discussion,1500
0,100,23,5,89,6,5,5,200,1,0,random,discussion,1500
0,100,24,5,89,6,5,5,200,1,0,random,discussion,1500
0,100,25,5,89,6,5,5,200,1,0,random,discussion,1500
0,100,26,5,89,6,5,5,200,1,0,random,discussion,1500
0,100,27,6,88,6,5,5,200,1,0,random,discussion,1500
0,100,28,6,88,6,5,5,200,1,0,random,discussion,1500
0,100,29,6,88,6,5,5,200,1,0,random,discussion,1500
0,100,30,6,88,6,5,5,200,1,0,random,discussion,1500
0,100,31,6,88,6,5,5,200,1,0,random,discussion,1500
0,100,32,6,88,6,5,5,200,1,0,random,discussion,1500
0,100,33,6,88,6,5,5,200,1,0,random,discussion,1500
0,100,34,6,88,6,5,5,200,1,0,random,discussion,1500
0,100,35,6,88,6,5,5,200,1,0,random,discussion,1500
0,100,36,6,88,6,5,5,200,1,0,random,discussion,1500
0,100,37,6,88,6,5,5,200,1,0,random,discussion,1500
0,100,38,6,88,6,5,5,200,1,0,random,discussion,1500
0,100,39,6,88,6,5,5,200,1,0,random,discussion,1500
0,100,40,6,88,6,5,5,200,1,0,random,discussion,1500
0,100,41,6,88,6,5,5,200,1,0,random,discussion,1500
0,100,42,6,88,6,5,5,200,1,0,random,discussion,1500
0,100,43,6,87,7,5,5,200,1,0,random,discussion,1500
0,100,44,6,87,7,5,5,200,1,0,random,discussion,1500
0,100,45,6,87,7,5,5,200,1,0,random,discussion,1500
0,100,46,6,87,7,5,5,200,1,0,random,discussion,1500
0,100,47,6,87,7,5,5,200,1,0,random,discussion,1500
0,100,48,6,86,8,5,5,200,1,0,random,discussion,1500
0,100,49,6,86,8,5,5,200,1,0,random,discussion,1500
0,100,50,6,86,8,5,5,200,1,0,random,discussion,1500
0,100,51,6,86,8,5,5,200,1,0,random,discussion,1500
0,100,52,6,86,8,5,5,200,1,0,random,discussion,1500
0,100,53,6,86,8,5,5,200,1,0,random,discussion,1500
0,100,54,6,86,8,5,5,200,1,0,random,discussion,1500
0,100,55,6,86,8,5,5,200,1,0,random,discussion,1500
0,100,56,6,86,8,5,5,200,1,0,random,discussion,1500
0,100,57,6,86,8,5,5,200,1,0,random,discussion,1500
0,100,58,6,86,8,5,5,200,1,0,random,discussion,1500
0,100,59,6,86,8,5,5,200,1,0,random,discussion,1500
0,100,60,6,86,8,5,5,200,1,0,random,discussion,1500
0,100,61,6,86,8,5,5,200,1,0,random,discussion,1500
0,100,62,6,85,9,5,5,200,1,0,random,discussion,1500
0,100,63,6,85,9,5,5,200,1,0,random,discussion,1500
0,100,64,6,85,9,5,5,200,1,0,random,discussion,1500
0,100,65,6,85,9,5,5,200,1,0,random,discussion,1500
0,100,66,6,85,9,5,5,200,1,0,random,discussion,1500
0,100,67,6,84,10,5,5,200,1,0,random,discussion,1500
0,100,68,6,83,11,5,5,200,1,0,random,discussion,1500
0,100,69,6,83,11,5,5,200,1,0,random,discussion,1500
0,100,70,6,83,11,5,5,200,1,0,random,discussion,1500
0,100,71,6,82,12,5,5,200,1,0,random,discussion,1500
0,100,72,6,82,12,5,5,200,1,0,random,discussion,1500
0,100,73,6,82,12,5,5,200,1,0,random,discussion,1500
0,100,74,6,82,12,5,5,200,1,0,random,discussion,1500
0,100,75,6,82,12,5,5,200,1,0,random,discussion,1500
0,100,76,6,82,12,5,5,200,1,0,random,discussion,1500
0,100,77,6,81,13,5,5,200,1,0,random,discussion,1500
0,100,78,6,81,13,5,5,200,1,0,random,discussion,1500
0,100,79,6,81,13,5,5,200,1,0,random,discussion,1500
0,100,80,6,81,13,5,5,200,1,0,random,discussion,1500
0,100,81,6,81,13,5,5,200,1,0,random,discussion,1500
0,100,82,6,81,13,5,5,200,1,0,random,discussion,1500
0,100,83,6,81,13,5,5,200,1,0,random,discussion,1500
0,100,84,6,80,14,5,5,200,1,0,random,discussion,1500
0,100,85,6,80,14,5,5,200,1,0,random,discussion,1500
0,100,86,6,80,14,5,5,200,1,0,random,discussion,1500
0,100,87,6,80,14,5,5,200,1,0,random,discussion,1500
0,100,88,6,80,14,5,5,200,1,0,random,discussion,1500
0,100,89,6,80,14,5,5,200,1,0,random,discussion,1500
0,100,90,6,80,14,5,5,200,1,0,random,discussion,1500
0,100,91,6,79,15,5,5,200,1,0,random,discussion,1500
0,100,92,6,79,15,5,5,200,1,0,random,discussion,1500
0,100,93,7,78,15,5,5,200,1,0,random,discussion,1500
0,100,94,7,78,15,5,5,200,1,0,random,discussion,1500
0,100,95,7,78,15,5,5,200,1,0,random,discussion,1500
0,100,96,7,78,15,5,5,200,1,0,random,discussion,1500
0,100,97,8,77,15,5,5,200,1,0,random,discussion,1500
0,100,98,8,77,15,5,5,200,1,0,random,discussion,1500
0,100,99,8,76,16,5,5,200,1,0,random,discussion,1500
0,100,100,8,75,17,5,5,200,1,0,random,discussion,1500
0,100,101,8,75,17,5,5,200,1,0,random,discussion,1500
0,100,102,8,75,17,5,5,200,1,0,random,discussion,1500
0,100,103,8,75,17,5,5,200,1,0,random,discussion,1500
0,100,104,8,75,17,5,5,200,1,0,random,discussion,1500
0,100,105,8,75,17,5,5,200,1,0,random,discussion,1500
0,100,106,8,75,17,5,5,200,1,0,random,discussion,1500
0,100,107,8,75,17,5,5,200,1,0,random,discussion,1500
0,100,108,8,75,17,5,5,200,1,0,random,discussion,1500
0,100,109,8,75,17,5,5,200,1,0,random,discussion,1500
0,100,110,9,74,17,5,5,200,1,0,random,discussion,1500
0,100,111,9,74,17,5,5,200,1,0,random,discussion,1500
0,100,112,9,74,17,5,5,200,1,0,random,discussion,1500
0,100,113,9,74,17,5,5,200,1,0,random,discussion,1500
0,100,114,9,73,18,5,5,200,1,0,random,discussion,1500
0,100,115,9,73,18,5,5,200,1,0,random,discussion,1500
0,100,116,9,73,18,5,5,200,1,0,random,discussion,1500
0,100,117,9,73,18,5,5,200,1,0,random,discussion,1500
0,100,118,9,73,18,5,5,200,1,0,random,discussion,1500
0,100,119,9,73,18,5,5,200,1,0,random,discussion,1500
0,100,120,9,73,18,5,5,200,1,0,random,discussion,1500
0,100,121,9,73,18,5,5,200,1,0,random,discussion,1500
0,100,122,9,73,18,5,5,200,1,0,random,discussion,1500
0,100,123,9,73,18,5,5,200,1,0,random,discussion,1500
0,100,124,9,73,18,5,5,200,1,0,random,discussion,1500
0,100,125,9,72,19,5,5,200,1,0,random,discussion,1500
0,100,126,9,71,20,5,5,200,1,0,random,discussion,1500
0,100,127,9,71,20,5,5,200,1,0,random,discussion,1500
0,100,128,8,71,21,5,5,200,1,0,random,discussion,1500
0,100,129,8,71,21,5,5,200,1,0,random,discussion,1500
0,100,130,8,71,21,5,5,200,1,0,random,discussion,1500
0,100,131,8,70,22,5,5,200,1,0,random,discussion,1500
0,100,132,8,70,22,5,5,200,1,0,random,discussion,1500
0,100,133,8,70,22,5,5,200,1,0,random,discussion,1500
0,100,134,8,70,22,5,5,200,1,0,random,discussion,1500
0,100,135,8,70,22,5,5,200,1,0,random,discussion,1500
0,100,136,8,70,22,5,5,200,1,0,random,discussion,1500
0,100,137,9,69,22,5,5,200,1,0,random,discussion,1500
0,100,138,9,68,23,5,5,200,1,0,random,discussion,1500
0,100,139,9,68,23,5,5,200,1,0,random,discussion,1500
0,100,140,9,68,23,5,5,200,1,0,random,discussion,1500
0,100,141,9,68,23,5,5,200,1,0,random,discussion,1500
0,100,142,9,68,23,5,5,200,1,0,random,discussion,1500
0,100,143,9,68,23,5,5,200,1,0,random,discussion,1500
0,100,144,9,68,23,5,5,200,1,0,random,discussion,1500
0,100,145,9,67,24,5,5,200,1,0,random,discussion,1500
0,100,146,9,67,24,5,5,200,1,0,random,discussion,1500
0,100,147,10,66,24,5,5,200,1,0,random,discussion,1500
0,100,148,10,66,24,5,5,200,1,0,random,discussion,1500
0,100,149,10,66,24,5,5,200,1,0,random,discussion,1500
0,100,150,11,65,24,5,5,200,1,0,random,discussion,1500
0,100,151,11,65,24,5,5,200,1,0,random,discussion,1500
0,100,152,11,65,24,5,5,200,1,0,random,discussion,1500
0,100,153,11,65,24,5,5,200,1,0,random,discussion,1500
0,100,154,11,65,24,5,5,200,1,0,random,discussion,1500
0,100,155,11,65,24,5,5,200,1,0,random,discussion,1500
0,100,156,11,65,24,5,5,200,1,0,random,discussion,1500
0,100,157,11,65,24,5,5,200,1,0,random,discussion,1500
0,100,158,11,65,24,5,5,200,1,0,random,discussion,1500
0,100,159,11,65,24,5,5,200,1,0,random,discussion,1500
0,100,160,10,65,25,5,5,200,1,0,random,discussion,1500
0,100,161,10,65,25,5,5,200,1,0,random,discussion,1500
0,100,162,10,65,25,5,5,200,1,0,random,discussion,1500
0,100,163,11,64,25,5,5,200,1,0,random,discussion,1500
0,100,164,11,64,25,5,5,200,1,0,random,discussion,1500
0,100,165,11,64,25,5,5,200,1,0,random,discussion,1500
0,100,166,12,63,25,5,5,200,1,0,random,discussion,1500
0,100,167,12,63,25,5,5,200,1,0,random,discussion,1500
0,100,168,12,63,25,5,5,200,1,0,random,discussion,1500
0,100,169,12,63,25,5,5,200,1,0,random,discussion,1500
0,100,170,12,62,26,5,5,200,1,0,random,discussion,1500
0,100,171,12,62,26,5,5,200,1,0,random,discussion,1500
0,100,172,12,61,27,5,5,200,1,0,random,discussion,1500
0,100,173,12,61,27,5,5,200,1,0,random,discussion,1500
0,100,174,12,61,27,5,5,200,1,0,random,discussion,1500
0,100,175,12,61,27,5,5,200,1,0,random,discussion,1500
0,100,176,12,61,27,5,5,200,1,0,random,discussion,1500
0,100,177,12,61,27,5,5,200,1,0,random,discussion,1500
0,100,178,12,61,27,5,5,200,1,0,random,discussion,1500
0,100,179,12,61,27,5,5,200,1,0,random,discussion,1500
0,100,180,12,60,28,5,5,200,1,0,random,discussion,1500
0,100,181,12,60,28,5,5,200,1,0,random,discussion,1500
0,100,182,12,60,28,5,5,200,1,0,random,discussion,1500
0,100,183,12,59,29,5,5,200,1,0,random,discussion,1500
0,100,184,12,59,29,5,5,200,1,0,random,discussion,1500
0,100,185,12,59,29,5,5,200,1,0,random,discussion,1500
0,100,186,12,59,29,5,5,200,1,0,random,discussion,1500
0,100,187,12,59,29,5,5,200,1,0,random,discussion,1500
0,100,188,12,59,29,5,5,200,1,0,random,discussion,1500
0,100,189,12,58,30,5,5,200,1,0,random,discussion,1500
0,100,190,12,57,31,5,5,200,1,0,random,discussion,1500
0,100,191,12,57,31,5,5,200,1,0,random,discussion,1500
0,100,192,12,57,31,5,5,200,1,0,random,discussion,1500
0,100,193,12,57,31,5,5,200,1,0,random,discussion,1500
0,100,194,12,57,31,5,5,200,1,0,random,discussion,1500
0,100,195,12,56,32,5,5,200,1,0,random,discussion,1500
0,100,196,13,56,31,5,5,200,1,0,random,discussion,1500
0,100,197,13,56,31,5,5,200,1,0,random,discussion,1500
0,100,198,13,56,31,5,5,200,1,0,random,discussion,1500
0,100,199,13,56,31,5,5,200,1,0,random,discussion,1500
0,100,200,13,56,31,5,5,200,1,0,random,discussion,1500
0,100,201,13,56,31,5,5,200,1,0,random,discussion,1500
0,100,202,13,56,31,5,5,200,1,0,random,discussion,1500
0,100,203,13,56,31,5,5,200,1,0,random,discussion,1500
0,100,204,13,56,31,5,5,200,1,0,random,discussion,1500
0,100,205,13,56,31,5,5,200,1,0,random,discussion,1500
0,100,206,13,56,31,5,5,200,1,0,random,discussion,1500
0,100,207,13,56,31,5,5,200,1,0,random,discussion,1500
0,100,208,13,55,32,5,5,200,1,0,random,discussion,1500
0,100,209,13,55,32,5,5,200,1,0,random,discussion,1500
0,100,210,14,54,32,5,5,200,1,0,random,discussion,1500
0,100,211,14,54,32,5,5,200,1,0,random,discussion,1500
0,100,212,14,54,32,5,5,200,1,0,random,discussion,1500
0,100,213,14,54,32,5,5,200,1,0,random,discussion,1500
0,100,214,14,54,32,5,5,200,1,0,random,discussion,1500
0,100,215,14,53,33,5,5,200,1,0,random,discussion,1500
0,100,216,14,53,33,5,5,200,1,0,random,discussion,1500
0,100,217,14,52,34,5,5,200,1,0,random,discussion,1500
0,100,218,14,52,34,5,5,200,1,0,random,discussion,1500
0,100,219,15,52,33,5,5,200,1,0,random,discussion,1500
0,100,220,15,51,34,5,5,200,1,0,random,discussion,1500
0,100,221,15,50,35,5,5,200,1,0,random,discussion,1500
0,100,222,15,50,35,5,5,200,1,0,random,discussion,1500
0,100,223,15,50,35,5,5,200,1,0,random,discussion,1500
0,100,224,16,49,35,5,5,200,1,0,random,discussion,1500
0,100,225,16,49,35,5,5,200,1,0,random,discussion,1500
0,100,226,16,48,36,5,5,200,1,0,random,discussion,1500
0,100,227,17,48,35,5,5,200,1,0,random,discussion,1500
0,100,228,17,48,35,5,5,200,1,0,random,discussion,1500
0,100,229,17,47,36,5,5,200,1,0,random,discussion,1500
0,100,230,17,46,37,5,5,200,1,0,random,discussion,1500
0,100,231,17,46,37,5,5,200,1,0,random,discussion,1500
0,100,232,17,46,37,5,5,200,1,0,random,discussion,1500
0,100,233,18,45,37,5,5,200,1,0,random,discussion,1500
0,100,234,18,45,37,5,5,200,1,0,random,discussion,1500
0,100,235,18,45,37,5,5,200,1,0,random,discussion,1500
0,100,236,18,44,38,5,5,200,1,0,random,discussion,1500
0,100,237,18,44,38,5,5,200,1,0,random,discussion,1500
0,100,238,18,43,39,5,5,200,1,0,random,discussion,1500
0,100,239,18,43,39,5,5,200,1,0,random,discussion,1500
0,100,240,18,43,39,5,5,200,1,0,random,discussion,1500
0,100,241,18,43,39,5,5,200,1,0,random,discussion,1500
0,100,242,18,43,39,5,5,200,1,0,random,discussion,1500
0,100,243,18,43,39,5,5,200,1,0,random,discussion,1500
0,100,244,18,43,39,5,5,200,1,0,random,discussion,1500
0,100,245,18,43,39,5,5,200,1,0,random,discussion,1500
0,100,246,18,43,39,5,5,200,1,0,random,discussion,1500
0,100,247,19,42,39,5,5,200,1,0,random,discussion,1500
0,100,248,19,42,39,5,5,200,1,0,random,discussion,1500
0,100,249,20,41,39,5,5,200,1,0,random,discussion,1500
0,100,250,20,41,39,5,5,200,1,0,random,discussion,1500
0,100,251,21,41,38,5,5,200,1,0,random,discussion,1500
0,100,252,21,41,38,5,5,200,1,0,random,discussion,1500
0,100,253,21,41,38,5,5,200,1,0,random,discussion,1500
0,100,254,22,40,38,5,5,200,1,0,random,discussion,1500
0,100,255,22,40,38,5,5,200,1,0,random,discussion,1500
0,100,256,22,40,38,5,5,200,1,0,random,discussion,1500
0,100,257,23,40,37,5,5,200,1,0,random,discussion,1500
0,100,258,24,40,36,5,5,200,1,0,random,discussion,1500
0,100,259,24,40,36,5,5,200,1,0,random,discussion,1500
0,100,260,24,40,36,5,5,200,1,0,random,discussion,1500
0,100,261,24,40,36,5,5,200,1,0,random,discussion,1500
0,100,262,24,40,36,5,5,200,1,0,random,discussion,1500
0,100,263,24,40,36,5,5,200,1,0,random,discussion,1500
0,100,264,24,40,36,5,5,200,1,0,random,discussion,1500
0,100,265,25,39,36,5,5,200,1,0,random,discussion,1500
0,100,266,25,39,36,5,5,200,1,0,random,discussion,1500
0,100,267,25,39,36,5,5,200,1,0,random,discussion,1500
0,100,268,25,39,36,5,5,200,1,0,random,discussion,1500
0,100,269,26,38,36,5,5,200,1,0,random,discussion,1500
0,100,270,26,38,36,5,5,200,1,0,random,discussion,1500
0,100,271,26,38,36,5,5,200,1,0,random,discussion,1500
0,100,272,26,38,36,5,5,200,1,0,random,discussion,1500
0,100,273,25,38,37,5,5,200,1,0,random,discussion,1500
0,100,274,25,38,37,5,5,200,1,0,random,discussion,1500
0,100,275,25,38,37,5,5,200,1,0,random,discussion,1500
0,100,276,25,37,38,5,5,200,1,0,random,discussion,1500
0,100,277,25,37,38,5,5,200,1,0,random,discussion,1500
0,100,278,25,37,38,5,5,200,1,0,random,discussion,1500
0,100,279,25,37,38,5,5,200,1,0,random,discussion,1500
0,100,280,25,36,39,5,5,200,1,0,random,discussion,1500
0,100,281,25,36,39,5,5,200,1,0,random,discussion,1500
0,100,282,25,36,39,5,5,200,1,0,random,discussion,1500
0,100,283,25,35,40,5,5,200,1,0,random,discussion,1500
0,100,284,25,35,40,5,5,200,1,0,random,discussion,1500
0,100,285,25,35,40,5,5,200,1,0,random,discussion,1500
0,100,286,26,35,39,5,5,200,1,0,random,discussion,1500
0,100,287,26,35,39,5,5,200,1,0,random,discussion,1500
0,100,288,26,35,39,5,5,200,1,0,random,discussion,1500
0,100,289,26,35,39,5,5,200,1,0,random,discussion,1500
0,100,290,26,35,39,5,5,200,1,0,random,discussion,1500
0,100,291,26,34,40,5,5,200,1,0,random,discussion,1500
0,100,292,25,34,41,5,5,200,1,0,random,discussion,1500
0,100,293,25,34,41,5,5,200,1,0,random,discussion,1500
0,100,294,25,34,41,5,5,200,1,0,random,discussion,1500
0,100,295,24,34,42,5,5,200,1,0,random,discussion,1500
0,100,296,24,34,42,5,5,200,1,0,random,discussion,1500
0,100,297,24,33,43,5,5,200,1,0,random,discussion,1500
0,100,298,23,33,44,5,5,200,1,0,random,discussion,1500
0,100,299,23,33,44,5,5,200,1,0,random,discussion,1500
0,100,300,24,32,44,5,5,200,1,0,random,discussion,1500
0,100,301,24,32,44,5,5,200,1,0,random,discussion,1500
0,100,302,24,32,44,5,5,200,1,0,random,discussion,1500
0,100,303,24,32,44,5,5,200,1,0,random,discussion,1500
0,100,304,23,32,45,5,5,200,1,0,random,discussion,1500
0,100,305,23,32,45,5,5,200,1,0,random,discussion,1500
0,100,306,24,32,44,5,5,200,1,0,random,discussion,1500
0,100,307,24,32,44,5,5,200,1,0,random,discussion,1500
0,100,308,24,32,44,5,5,200,1,0,random,discussion,1500
0,100,309,23,32,45,5,5,200,1,0,random,discussion,1500
0,100,310,23,32,45,5,5,200,1,0,random,discussion,1500
0,100,311,23,31,46,5,5,200,1,0,random,discussion,1500
0,100,312,23,31,46,5,5,200,1,0,random,discussion,1500
0,100,313,23,30,47,5,5,200,1,0,random,discussion,1500
0,100,314,23,30,47,5,5,200,1,0,random,discussion,1500
0,100,315,23,30,47,5,5,200,1,0,random,discussion,1500
0,100,316,23,30,47,5,5,200,1,0,random,discussion,1500
0,100,317,23,30,47,5,5,200,1,0,random,discussion,1500
0,100,318,23,30,47,5,5,200,1,0,random,discussion,1500
0,100,319,23,30,47,5,5,200,1,0,random,discussion,1500
0,100,320,24,29,47,5,5,200,1,0,random,discussion,1500
0,100,321,24,29,47,5,5,200,1,0,random,discussion,1500
0,100,322,25,29,46,5,5,200,1,0,random,discussion,1500
0,100,323,25,28,47,5,5,200,1,0,random,discussion,1500
0,100,324,25,28,47,5,5,200,1,0,random,discussion,1500
0,100,325,25,28,47,5,5,200,1,0,random,discussion,1500
0,100,326,24,28,48,5,5,200,1,0,random,discussion,1500
0,100,327,23,28,49,5,5,200,1,0,random,discussion,1500
0,100,328,23,28,49,5,5,200,1,0,random,discussion,1500
0,100,329,23,28,49,5,5,200,1,0,random,discussion,1500
0,100,330,23,28,49,5,5,200,1,0,random,discussion,1500
0,100,331,23,27,50,5,5,200,1,0,random,discussion,1500
0,100,332,23,27,50,5,5,200,1,0,random,discussion,1500
0,100,333,23,27,50,5,5,200,1,0,random,discussion,1500
0,100,334,23,27,50,5,5,200,1,0,random,discussion,1500
0,100,335,23,27,50,5,5,200,1,0,random,discussion,1500
0,100,336,23,27,50,5,5,200,1,0,random,discussion,1500
0,100,337,23,27,50,5,5,200,1,0,random,discussion,1500
0,100,338,23,27,50,5,5,200,1,0,random,discussion,1500
0,100,339,23,27,50,5,5,200,1,0,random,discussion,1500
0,100,340,23,27,50,5,5,200,1,0,random,discussion,1500
0,100,341,23,27,50,5,5,200,1,0,random,discussion,1500
0,100,342,23,26,51,5,5,200,1,0,random,discussion,1500
0,100,343,23,26,51,5,5,200,1,0,random,discussion,1500
0,100,344,23,25,52,5,5,200,1,0,random,discussion,1500
0,100,345,23,25,52,5,5,200,1,0,random,discussion,1500
0,100,346,24,24,52,5,5,200,1,0,random,discussion,1500
0,100,347,23,24,53,5,5,200,1,0,random,discussion,1500
0,100,348,23,24,53,5,5,200,1,0,random,discussion,1500
0,100,349,23,24,53,5,5,200,1,0,random,discussion,1500
0,100,350,24,24,52,5,5,200,1,0,random,discussion,1500
0,100,351,24,24,52,5,5,200,1,0,random,discussion,1500
0,100,352,24,24,52,5,5,200,1,0,random,discussion,1500
0,100,353,25,24,51,5,5,200,1,0,random,discussion,1500
0,100,354,25,24,51,5,5,200,1,0,random,discussion,1500
0,100,355,26,24,50,5,5,200,1,0,random,discussion,1500
0,100,356,27,24,49,5,5,200,1,0,random,discussion,1500
0,100,357,27,24,49,5,5,200,1,0,random,discussion,1500
0,100,358,27,24,49,5,5,200,1,0,random,discussion,1500
0,100,359,27,24,49,5,5,200,1,0,random,discussion,1500
0,100,360,28,23,49,5,5,200,1,0,random,discussion,1500
0,100,361,28,23,49,5,5,200,1,0,random,discussion,1500
0,100,362,28,23,49,5,5,200,1,0,random,discussion,1500
0,100,363,28,23,49,5,5,200,1,0,random,discussion,1500
0,100,364,28,23,49,5,5,200,1,0,random,discussion,1500
0,100,365,28,23,49,5,5,200,1,0,random,discussion,1500
0,100,366,28,23,49,5,5,200,1,0,random,discussion,1500
0,100,367,29,23,48,5,5,200,1,0,random,discussion,1500
0,100,368,29,23,48,5,5,200,1,0,random,discussion,1500
0,100,369,29,23,48,5,5,200,1,0,random,discussion,1500
0,100,370,29,23,48,5,5,200,1,0,random,discussion,1500
0,100,371,30,22,48,5,5,200,1,0,random,discussion,1500
0,100,372,29,22,49,5,5,200,1,0,random,discussion,1500
0,100,373,29,22,49,5,5,200,1,0,random,discussion,1500
0,100,374,30,22,48,5,5,200,1,0,random,discussion,1500
0,100,375,29,22,49,5,5,200,1,0,random,discussion,1500
0,100,376,29,22,49,5,5,200,1,0,random,discussion,1500
0,100,377,29,22,49,5,5,200,1,0,random,discussion,1500
0,100,378,29,22,49,5,5,200,1,0,random,discussion,1500
0,100,379,29,22,49,5,5,200,1,0,random,discussion,1500
0,100,380,28,22,50,5,5,200,1,0,random,discussion,1500
0,100,381,28,22,50,5,5,200,1,0,random,discussion,1500
0,100,382,28,22,50,5,5,200,1,0,random,discussion,1500
0,100,383,29,22,49,5,5,200,1,0,random,discussion,1500
0,100,384,29,22,49,5,5,200,1,0,random,discussion,1500
0,100,385,29,22,49,5,5,200,1,0,random,discussion,1500
0,100,386,29,22,49,5,5,200,1,0,random,discussion,1500
0,100,387,29,22,49,5,5,200,1,0,random,discussion,1500
0,100,388,29,22,49,5,5,200,1,0,random,discussion,1500
0,100,389,28,22,50,5,5,200,1,0,random,discussion,1500
0,100,390,29,21,50,5,5,200,1,0,random,discussion,1500
0,100,391,29,21,50,5,5,200,1,0,random,discussion,1500
0,100,392,29,21,50,5,5,200,1,0,random,discussion,1500
0,100,393,29,21,50,5,5,200,1,0,random,discussion,1500
0,100,394,29,21,50,5,5,200,1,0,random,discussion,1500
0,100,395,30,20,50,5,5,200,1,0,random,discussion,1500
0,100,396,30,19,51,5,5,200,1,0,random,discussion,1500
0,100,397,30,19,51,5,5,200,1,0,random,discussion,1500
0,100,398,31,18,51,5,5,200,1,0,random,discussion,1500
0,100,399,31,18,51,5,5,200,1,0,random,discussion,1500
0,100,400,31,18,51,5,5,200,1,0,random,discussion,1500
0,100,401,31,18,51,5,5,200,1,0,random,discussion,1500
0,100,402,31,18,51,5,5,200,1,0,random,discussion,1500
0,100,403,31,18,51,5,5,200,1,0,random,discussion,1500
0,100,404,31,18,51,5,5,200,1,0,random,discussion,1500
0,100,405,31,18,51,5,5,200,1,0,random,discussion,1500
0,100,406,31,18,51,5,5,200,1,0,random,discussion,1500
0,100,407,31,18,51,5,5,200,1,0,random,discussion,1500
0,100,408,31,18,51,5,5,200,1,0,random,discussion,1500
0,100,409,30,18,52,5,5,200,1,0,random,discussion,1500
0,100,410,30,18,52,5,5,200,1,0,random,discussion,1500
0,100,411,30,18,52,5,5,200,1,0,random,discussion,1500
0,100,412,30,18,52,5,5,200,1,0,random,discussion,1500
0,100,413,30,18,52,5,5,200,1,0,random,discussion,1500
0,100,414,30,18,52,5,5,200,1,0,random,discussion,1500
0,100,415,30,18,52,5,5,200,1,0,random,discussion,1500
0,100,416,31,17,52,5,5,200,1,0,random,discussion,1500
0,100,417,31,17,52,5,5,200,1,0,random,discussion,1500
0,100,418,31,17,52,5,5,200,1,0,random,discussion,1500
0,100,419,31,17,52,5,5,200,1,0,random,discussion,1500
0,100,420,31,17,52,5,5,200,1,0,random,discussion,1500
0,100,421,31,17,52,5,5,200,1,0,random,discussion,1500
0,100,422,31,16,53,5,5,200,1,0,random,discussion,1500
0,100,423,31,16,53,5,5,200,1,0,random,discussion,1500
0,100,424,31,16,53,5,5,200,1,0,random,discussion,1500
0,100,425,31,16,53,5,5,200,1,0,random,discussion,1500
0,100,426,31,16,53,5,5,200,1,0,random,discussion,1500
0,100,427,31,16,53,5,5,200,1,0,random,discussion,1500
0,100,428,31,16,53,5,5,200,1,0,random,discussion,1500
0,100,429,31,16,53,5,5,200,1,0,random,discussion,1500
0,100,430,31,16,53,5,5,200,1,0,random,discussion,1500
0,100,431,31,16,53,5,5,200,1,0,random,discussion,1500
0,100,432,32,16,52,5,5,200,1,0,random,discussion,1500
0,100,433,32,16,52,5,5,200,1,0,random,discussion,1500
0,100,434,32,16,52,5,5,200,1,0,random,discussion,1500
0,100,435,33,16,51,5,5,200,1,0,random,discussion,1500
0,100,436,33,16,51,5,5,200,1,0,random,discussion,1500
0,100,437,33,16,51,5,5,200,1,0,random,discussion,1500
0,100,438,33,16,51,5,5,200,1,0,random,discussion,1500
0,100,439,33,15,52,5,5,200,1,0,random,discussion,1500
0,100,440,33,15,52,5,5,200,1,0,random,discussion,1500
0,100,441,33,15,52,5,5,200,1,0,random,discussion,1500
0,100,442,33,15,52,5,5,200,1,0,random,discussion,1500
0,100,443,34,14,52,5,5,200,1,0,random,discussion,1500
0,100,444,34,14,52,5,5,200,1,0,random,discussion,1500
0,100,445,34,14,52,5,5,200,1,0,random,discussion,1500
0,100,446,34,14,52,5,5,200,1,0,random,discussion,1500
0,100,447,34,14,52,5,5,200,1,0,random,discussion,1500
0,100,448,34,13,53,5,5,200,1,0,random,discussion,1500
0,100,449,34,13,53,5,5,200,1,0,random,discussion,1500
0,100,450,34,13,53,5,5,200,1,0,random,discussion,1500
0,100,451,34,13,53,5,5,200,1,0,random,discussion,1500
0,100,452,34,13,53,5,5,200,1,0,random,discussion,1500
0,100,453,34,13,53,5,5,200,1,0,random,discussion,1500
0,100,454,34,13,53,5,5,200,1,0,random,discussion,1500
0,100,455,34,13,53,5,5,200,1,0,random,discussion,1500
0,100,456,34,13,53,5,5,200,1,0,random,discussion,1500
0,100,457,34,13,53,5,5,200,1,0,random,discussion,1500
0,100,458,34,13,53,5,5,200,1,0,random,discussion,1500
0,100,459,33,13,54,5,5,200,1,0,random,discussion,1500
0,100,460,34,12,54,5,5,200,1,0,random,discussion,1500
0,100,461,35,12,53,5,5,200,1,0,random,discussion,1500
0,100,462,34,12,54,5,5,200,1,0,random,discussion,1500
0,100,463,34,12,54,5,5,200,1,0,random,discussion,1500
0,100,464,34,12,54,5,5,200,1,0,random,discussion,1500
0,100,465,34,12,54,5,5,200,1,0,random,discussion,1500
0,100,466,34,12,54,5,5,200,1,0,random,discussion,1500
0,100,467,34,12,54,5,5,200,1,0,random,discussion,1500
0,100,468,34,12,54,5,5,200,1,0,random,discussion,1500
0,100,469,34,12,54,5,5,200,1,0,random,discussion,1500
0,100,470,33,12,55,5,5,200,1,0,random,discussion,1500
0,100,471,33,12,55,5,5,200,1,0,random,discussion,1500
0,100,472,33,12,55,5,5,200,1,0,random,discussion,1500
0,100,473,33,12,55,5,5,200,1,0,random,discussion,1500
0,100,474,33,12,55,5,5,200,1,0,random,discussion,1500
0,100,475,33,12,55,5,5,200,1,0,random,discussion,1500
0,100,476,34,12,54,5,5,200,1,0,random,discussion,1500
0,100,477,34,12,54,5,5,200,1,0,random,discussion,1500
0,100,478,34,12,54,5,5,200,1,0,random,discussion,1500
0,100,479,35,11,54,5,5,200,1,0,random,discussion,1500
0,100,480,35,11,54,5,5,200,1,0,random,discussion,1500
0,100,481,36,10,54,5,5,200,1,0,random,discussion,1500
0,100,482,36,10,54,5,5,200,1,0,random,discussion,1500
0,100,483,37,10,53,5,5,200,1,0,random,discussion,1500
0,100,484,38,9,53,5,5,200,1,0,random,discussion,1500
0,100,485,38,9,53,5,5,200,1,0,random,discussion,1500
0,100,486,37,9,54,5,5,200,1,0,random,discussion,1500
0,100,487,37,9,54,5,5,200,1,0,random,discussion,1500
0,100,488,37,9,54,5,5,200,1,0,random,discussion,1500
0,100,489,37,9,54,5,5,200,1,0,random,discussion,1500
0,100,490,37,9,54,5,5,200,1,0,random,discussion,1500
0,100,491,38,9,53,5,5,200,1,0,random,discussion,1500
0,100,492,39,9,52,5,5,200,1,0,random,discussion,1500
0,100,493,39,9,52,5,5,200,1,0,random,discussion,1500
0,100,494,38,9,53,5,5,200,1,0,random,discussion,1500
0,100,495,38,9,53,5,5,200,1,0,random,discussion,1500
0,100,496,38,9,53,5,5,200,1,0,random,discussion,1500
0,100,497,38,9,53,5,5,200,1,0,random,discussion,1500
0,100,498,38,9,53,5,5,200,1,0,random,discussion,1500
0,100,499,38,9,53,5,5,200,1,0,random,discussion,1500
0,100,500,38,9,53,5,5,200,1,0,random,discussion,1500
0,100,501,37,9,54,5,5,200,1,0,random,discussion,1500
0,100,502,36,9,55,5,5,200,1,0,random,discussion,1500
0,100,503,36,9,55,5,5,200,1,0,random,discussion,1500
0,100,504,37,9,54,5,5,200,1,0,random,discussion,1500
0,100,505,37,9,54,5,5,200,1,0,random,discussion,1500
0,100,506,37,9,54,5,5,200,1,0,random,discussion,1500
0,100,507,37,9,54,5,5,200,1,0,random,discussion,1500
0,100,508,37,9,54,5,5,200,1,0,random,discussion,1500
0,100,509,37,9,54,5,5,200,1,0,random,discussion,1500
0,100,510,37,8,55,5,5,200,1,0,random,discussion,1500
0,100,511,37,8,55,5,5,200,1,0,random,discussion,1500
0,100,512,38,8,54,5,5,200,1,0,random,discussion,1500
0,100,513,37,8,55,5,5,200,1,0,random,discussion,1500
0,100,514,37,8,55,5,5,200,1,0,random,discussion,1500
0,100,515,37,8,55,5,5,200,1,0,random,discussion,1500
0,100,516,37,8,55,5,5,200,1,0,random,discussion,1500
0,100,517,38,8,54,5,5,200,1,0,random,discussion,1500
0,100,518,38,8,54,5,5,200,1,0,random,discussion,1500
0,100,519,38,8,54,5,5,200,1,0,random,discussion,1500
0,100,520,39,8,53,5,5,200,1,0,random,discussion,1500
0,100,521,39,8,53,5,5,200,1,0,random,discussion,1500
0,100,522,40,8,52,5,5,200,1,0,random,discussion,1500
0,100,523,40,8,52,5,5,200,1,0,random,discussion,1500
0,100,524,41,7,52,5,5,200,1,0,random,discussion,1500
0,100,525,41,7,52,5,5,200,1,0,random,discussion,1500
0,100,526,41,7,52,5,5,200,1,0,random,discussion,1500
0,100,527,41,7,52,5,5,200,1,0,random,discussion,1500
0,100,528,40,7,53,5,5,200,1,0,random,discussion,1500
0,100,529,40,7,53,5,5,200,1,0,random,discussion,1500
0,100,530,40,7,53,5,5,200,1,0,random,discussion,1500
0,100,531,40,6,54,5,5,200,1,0,random,discussion,1500
0,100,532,40,6,54,5,5,200,1,0,random,discussion,1500
0,100,533,40,6,54,5,5,200,1,0,random,discussion,1500
0,100,534,40,6,54,5,5,200,1,0,random,discussion,1500
0,100,535,41,5,54,5,5,200,1,0,random,discussion,1500
0,100,536,41,5,54,5,5,200,1,0,random,discussion,1500
0,100,537,41,5,54,5,5,200,1,0,random,discussion,1500
0,100,538,42,4,54,5,5,200,1,0,random,discussion,1500
0,100,539,43,4,53,5,5,200,1,0,random,discussion,1500
0,100,540,43,4,53,5,5,200,1,0,random,discussion,1500
0,100,541,43,4,53,5,5,200,1,0,random,discussion,1500
0,100,542,43,4,53,5,5,200,1,0,random,discussion,1500
0,100,543,42,4,54,5,5,200,1,0,random,discussion,1500
0,100,544,42,4,54,5,5,200,1,0,random,discussion,1500
0,100,545,42,4,54,5,5,200,1,0,random,discussion,1500
0,100,546,42,4,54,5,5,200,1,0,random,discussion,1500
0,100,547,42,4,54,5,5,200,1,0,random,discussion,1500
0,100,548,42,4,54,5,5,200,1,0,random,discussion,1500
0,100,549,41,4,55,5,5,200,1,0,random,discussion,1500
0,100,550,41,4,55,5,5,200,1,0,random,discussion,1500
0,100,551,41,4,55,5,5,200,1,0,random,discussion,1500
0,100,552,41,4,55,5,5,200,1,0,random,discussion,1500
0,100,553,41,4,55,5,5,200,1,0,random,discussion,1500
0,100,554,41,4,55,5,5,200,1,0,random,discussion,1500
0,100,555,42,4,54,5,5,200,1,0,random,discussion,1500
0,100,556,42,4,54,5,5,200,1,0,random,discussion,1500
0,100,557,42,4,54,5,5,200,1,0,random,discussion,1500
0,100,558,43,4,53,5,5,200,1,0,random,discussion,1500
0,100,559,43,4,53,5,5,200,1,0,random,discussion,1500
0,100,560,43,4,53,5,5,200,1,0,random,discussion,1500
0,100,561,43,4,53,5,5,200,1,0,random,discussion,1500
0,100,562,43,4,53,5,5,200,1,0,random,discussion,1500
0,100,563,43,4,53,5,5,200,1,0,random,discussion,1500
0,100,564,43,4,53,5,5,200,1,0,random,discussion,1500
0,100,565,43,4,53,5,5,200,1,0,random,discussion,1500
0,100,566,43,4,53,5,5,200,1,0,random,discussion,1500
0,100,567,44,4,52,5,5,200,1,0,random,discussion,1500
0,100,568,44,4,52,5,5,200,1,0,random,discussion,1500
0,100,569,44,4,52,5,5,200,1,0,random,discussion,1500
0,100,570,44,4,52,5,5,200,1,0,random,discussion,1500
0,100,571,44,4,52,5,5,200,1,0,random,discussion,1500
0,100,572,44,4,52,5,5,200,1,0,random,discussion,1500
0,100,573,44,4,52,5,5,200,1,0,random,discussion,1500
0,100,574,44,4,52,5,5,200,1,0,random,discussion,1500
0,100,575,44,4,52,5,5,200,1,0,random,discussion,1500
0,100,576,44,4,52,5,5,200,1,0,random,discussion,1500
0,100,577,44,4,52,5,5,200,1,0,random,discussion,1500
0,100,578,44,4,52,5,5,200,1,0,random,discussion,1500
0,100,579,45,4,51,5,5,200,1,0,random,discussion,1500
0,100,580,45,4,51,5,5,200,1,0,random,discussion,1500
0,100,581,44,4,52,5,5,200,1,0,random,discussion,1500
0,100,582,45,4,51,5,5,200,1,0,random,discussion,1500
0,100,583,45,4,51,5,5,200,1,0,random,discussion,1500
0,100,584,45,4,51,5,5,200,1,0,random,discussion,1500
0,100,585,45,4,51,5,5,200,1,0,random,discussion,1500
0,100,586,45,4,51,5,5,200,1,0,random,discussion,1500
0,100,587,45,4,51,5,5,200,1,0,random,discussion,1500
0,100,588,44,4,52,5,5,200,1,0,random,discussion,1500
0,100,589,43,4,53,5,5,200,1,0,random,discussion,1500
0,100,590,43,4,53,5,5,200,1,0,random,discussion,1500
0,100,591,43,4,53,5,5,200,1,0,random,discussion,1500
0,100,592,43,4,53,5,5,200,1,0,random,discussion,1500
0,100,593,43,4,53,5,5,200,1,0,random,discussion,1500
0,100,594,44,4,52,5,5,200,1,0,random,discussion,1500
0,100,595,43,4,53,5,5,200,1,0,random,discussion,1500
0,100,596,42,4,54,5,5,200,1,0,random,discussion,1500
0,100,597,42,4,54,5,5,200,1,0,random,discussion,1500
0,100,598,42,4,54,5,5,200,1,0,random,discussion,1500
0,100,599,41,4,55,5,5,200,1,0,random,discussion,1500
0,100,600,41,4,55,5,5,200,1,0,random,discussion,1500
0,100,601,41,4,55,5,5,200,1,0,random,discussion,1500
0,100,602,40,4,56,5,5,200,1,0,random,discussion,1500
0,100,603,40,4,56,5,5,200,1,0,random,discussion,1500
0,100,604,40,4,56,5,5,200,1,0,random,discussion,1500
0,100,605,40,4,56,5,5,200,1,0,random,discussion,1500
0,100,606,41,4,55,5,5,200,1,0,random,discussion,1500
0,100,607,41,4,55,5,5,200,1,0,random,discussion,1500
0,100,608,41,4,55,5,5,200,1,0,random,discussion,1500
0,100,609,40,4,56,5,5,200,1,0,random,discussion,1500
0,100,610,41,4,55,5,5,200,1,0,random,discussion,1500
0,100,611,41,4,55,5,5,200,1,0,random,discussion,1500
0,100,612,42,4,54,5,5,200,1,0,random,discussion,1500
0,100,613,42,4,54,5,5,200,1,0,random,discussion,1500
0,100,614,42,3,55,5,5,200,1,0,random,discussion,1500
0,100,615,42,3,55,5,5,200,1,0,random,discussion,1500
0,100,616,42,3,55,5,5,200,1,0,random,discussion,1500
0,100,617,43,3,54,5,5,200,1,0,random,discussion,1500
0,100,618,43,3,54,5,5,200,1,0,random,discussion,1500
0,100,619,42,3,55,5,5,200,1,0,random,discussion,1500
0,100,620,42,3,55,5,5,200,1,0,random,discussion,1500
0,100,621,42,3,55,5,5,200,1,0,random,discussion,1500
0,100,622,41,3,56,5,5,200,1,0,random,discussion,1500
0,100,623,41,3,56,5,5,200,1,0,random,discussion,1500
0,100,624,41,3,56,5,5,200,1,0,random,discussion,1500
0,100,625,41,3,56,5,5,200,1,0,random,discussion,1500
0,100,626,40,3,57,5,5,200,1,0,random,discussion,1500
0,100,627,40,3,57,5,5,200,1,0,random,discussion,1500
0,100,628,40,3,57,5,5,200,1,0,random,discussion,1500
0,100,629,40,3,57,5,5,200,1,0,random,discussion,1500
0,100,630,40,3,57,5,5,200,1,0,random,discussion,1500
0,100,631,41,3,56,5,5,200,1,0,random,discussion,1500
0,100,632,41,3,56,5,5,200,1,0,random,discussion,1500
0,100,633,41,3,56,5,5,200,1,0,random,discussion,1500
0,100,634,41,3,56,5,5,200,1,0,random,discussion,1500
0,100,635,41,3,56,5,5,200,1,0,random,discussion,1500
0,100,636,41,3,56,5,5,200,1,0,random,discussion,1500
0,100,637,41,3,56,5,5,200,1,0,random,discussion,1500
0,100,638,41,3,56,5,5,200,1,0,random,discussion,1500
0,100,639,41,3,56,5,5,200,1,0,random,discussion,1500
0,100,640,41,3,56,5,5,200,1,0,random,discussion,1500
0,100,641,41,3,56,5,5,200,1,0,random,discussion,1500
0,100,642,41,3,56,5,5,200,1,0,random,discussion,1500
0,100,643,42,2,56,5,5,200,1,0,random,discussion,1500
0,100,644,42,2,56,5,5,200,1,0,random,discussion,1500
0,100,645,42,2,56,5,5,200,1,0,random,discussion,1500
0,100,646,41,2,57,5,5,200,1,0,random,discussion,1500
0,100,647,41,2,57,5,5,200,1,0,random,discussion,1500
0,100,648,41,2,57,5,5,200,1,0,random,discussion,1500
0,100,649,41,2,57,5,5,200,1,0,random,discussion,1500
0,100,650,41,2,57,5,5,200,1,0,random,discussion,1500
0,100,651,41,2,57,5,5,200,1,0,random,discussion,1500
0,100,652,41,2,57,5,5,200,1,0,random,discussion,1500
0,100,653,40,2,58,5,5,200,1,0,random,discussion,1500
0,100,654,40,2,58,5,5,200,1,0,random,discussion,1500
0,100,655,40,2,58,5,5,200,1,0,random,discussion,1500
0,100,656,41,2,57,5,5,200,1,0,random,discussion,1500
0,100,657,40,2,58,5,5,200,1,0,random,discussion,1500
0,100,658,40,2,58,5,5,200,1,0,random,discussion,1500
0,100,659,40,2,58,5,5,200,1,0,random,discussion,1500
0,100,660,40,2,58,5,5,200,1,0,random,discussion,1500
0,100,661,40,2,58,5,5,200,1,0,random,discussion,1500
0,100,662,40,2,58,5,5,200,1,0,random,discussion,1500
0,100,663,40,2,58,5,5,200,1,0,random,discussion,1500
0,100,664,40,2,58,5,5,200,1,0,random,discussion,1500
0,100,665,41,2,57,5,5,200,1,0,random,discussion,1500
0,100,666,41,2,57,5,5,200,1,0,random,discussion,1500
0,100,667,42,2,56,5,5,200,1,0,random,discussion,1500
0,100,668,42,2,56,5,5,200,1,0,random,discussion,1500
0,100,669,42,2,56,5,5,200,1,0,random,discussion,1500
0,100,670,42,2,56,5,5,200,1,0,random,discussion,1500
0,100,671,42,2,56,5,5,200,1,0,random,discussion,1500
0,100,672,41,2,57,5,5,200,1,0,random,discussion,1500
0,100,673,41,2,57,5,5,200,1,0,random,discussion,1500
0,100,674,41,2,57,5,5,200,1,0,random,discussion,1500
0,100,675,41,2,57,5,5,200,1,0,random,discussion,1500
0,100,676,41,2,57,5,5,200,1,0,random,discussion,1500
0,100,677,41,2,57,5,5,200,1,0,random,discussion,1500
0,100,678,42,2,56,5,5,200,1,0,random,discussion,1500
0,100,679,42,2,56,5,5,200,1,0,random,discussion,1500
0,100,680,43,2,55,5,5,200,1,0,random,discussion,1500
0,100,681,44,1,55,5,5,200,1,0,random,discussion,1500
0,100,682,44,1,55,5,5,200,1,0,random,discussion,1500
0,100,683,44,1,55,5,5,200,1,0,random,discussion,1500
0,100,684,44,0,56,5,5,200,1,0,random,discussion,1500
0,100,685,45,0,55,5,5,200,1,0,random,discussion,1500
0,100,686,45,0,55,5,5,200,1,0,random,discussion,1500
0,100,687,45,0,55,5,5,200,1,0,random,discussion,1500
0,100,688,45,0,55,5,5,200,1,0,random,discussion,1500
0,100,689,45,0,55,5,5,200,1,0,random,discussion,1500
0,100,690,45,0,55,5,5,200,1,0,random,discussion,1500
0,100,691,45,0,55,5,5,200,1,0,random,discussion,1500
0,100,692,45,0,55,5,5,200,1,0,random,discussion,1500
0,100,693,45,0,55,5,5,200,1,0,random,discussion,1500
0,100,694,45,0,55,5,5,200,1,0,random,discussion,1500
0,100,695,45,0,55,5,5,200,1,0,random,discussion,1500
0,100,696,44,0,56,5,5,200,1,0,random,discussion,1500
0,100,697,44,0,56,5,5,200,1,0,random,discussion,1500
0,100,698,44,0,56,5,5,200,1,0,random,discussion,1500
0,100,699,43,0,57,5,5,200,1,0,random,discussion,1500
0,100,700,43,0,57,5,5,200,1,0,random,discussion,1500
0,100,701,43,0,57,5,5,200,1,0,random,discussion,1500
0,100,702,43,0,57,5,5,200,1,0,random,discussion,1500
0,100,703,43,0,57,5,5,200,1,0,random,discussion,1500
0,100,704,43,0,57,5,5,200,1,0,random,discussion,1500
0,100,705,43,0,57,5,5,200,1,0,random,discussion,1500
0,100,706,43,0,57,5,5,200,1,0,random,discussion,1500
0,100,707,43,0,57,5,5,200,1,0,random,discussion,1500
0,100,708,43,0,57,5,5,200,1,0,random,discussion,1500
0,100,709,43,0,57,5,5,200,1,0,random,discussion,1500
0,100,710,43,0,57,5,5,200,1,0,random,discussion,1500
0,100,711,44,0,56,5,5,200,1,0,random,discussion,1500
0,100,712,44,0,56,5,5,200,1,0,random,discussion,1500
0,100,713,45,0,55,5,5,200,1,0,random,discussion,1500
0,100,714,45,0,55,5,5,200,1,0,random,discussion,1500
0,100,715,45,0,55,5,5,200,1,0,random,discussion,1500
0,100,716,45,0,55,5,5,200,1,0,random,discussion,1500
0,100,717,45,0,55,5,5,200,1,0,random,discussion,1500
0,100,718,45,0,55,5,5,200,1,0,random,discussion,1500
0,100,719,45,0,55,5,5,200,1,0,random,discussion,1500
0,100,720,45,0,55,5,5,200,1,0,random,discussion,1500
0,100,721,45,0,55,5,5,200,1,0,random,discussion,1500
0,100,722,45,0,55,5,5,200,1,0,random,discussion,1500
0,100,723,45,0,55,5,5,200,1,0,random,discussion,1500
0,100,724,45,0,55,5,5,200,1,0,random,discussion,1500
0,100,725,45,0,55,5,5,200,1,0,random,discussion,1500
0,100,726,45,0,55,5,5,200,1,0,random,discussion,1500
0,100,727,45,0,55,5,5,200,1,0,random,discussion,1500
0,100,728,45,0,55,5,5,200,1,0,random,discussion,1500
0,100,729,45,0,55,5,5,200,1,0,random,discussion,1500
0,100,730,46,0,54,5,5,200,1,0,random,discussion,1500
0,100,731,46,0,54,5,5,200,1,0,random,discussion,1500
0,100,732,46,0,54,5,5,200,1,0,random,discussion,1500
0,100,733,45,0,55,5,5,200,1,0,random,discussion,1500
0,100,734,45,0,55,5,5,200,1,0,random,discussion,1500
0,100,735,45,0,55,5,5,200,1,0,random,discussion,1500
0,100,736,45,0,55,5,5,200,1,0,random,discussion,1500
0,100,737,45,0,55,5,5,200,1,0,random,discussion,1500
0,100,738,45,0,55,5,5,200,1,0,random,discussion,1500
0,100,739,45,0,55,5,5,200,1,0,random,discussion,1500
0,100,740,45,0,55,5,5,200,1,0,random,discussion,1500
0,100,741,45,0,55,5,5,200,1,0,random,discussion,1500
0,100,742,45,0,55,5,5,200,1,0,random,discussion,1500
0,100,743,44,0,56,5,5,200,1,0,random,discussion,1500
0,100,744,44,0,56,5,5,200,1,0,random,discussion,1500
0,100,745,44,0,56,5,5,200,1,0,random,discussion,1500
0,100,746,45,0,55,5,5,200,1,0,random,discussion,1500
0,100,747,45,0,55,5,5,200,1,0,random,discussion,1500
0,100,748,45,0,55,5,5,200,1,0,random,discussion,1500
0,100,749,46,0,54,5,5,200,1,0,random,discussion,1500
0,100,750,46,0,54,5,5,200,1,0,random,discussion,1500
0,100,751,46,0,54,5,5,200,1,0,random,discussion,1500
0,100,752,46,0,54,5,5,200,1,0,random,discussion,1500
0,100,753,45,0,55,5,5,200,1,0,random,discussion,1500
0,100,754,45,0,55,5,5,200,1,0,random,discussion,1500
0,100,755,46,0,54,5,5,200,1,0,random,discussion,1500
0,100,756,46,0,54,5,5,200,1,0,random,discussion,1500
0,100,757,46,0,54,5,5,200,1,0,random,discussion,1500
0,100,758,45,0,55,5,5,200,1,0,random,discussion,1500
0,100,759,45,0,55,5,5,200,1,0,random,discussion,1500
0,100,760,45,0,55,5,5,200,1,0,random,discussion,1500
0,100,761,45,0,55,5,5,200,1,0,random,discussion,1500
0,100,762,46,0,54,5,5,200,1,0,random,discussion,1500
0,100,763,46,0,54,5,5,200,1,0,random,discussion,1500
0,100,764,46,0,54,5,5,200,1,0,random,discussion,1500
0,100,765,47,0,53,5,5,200,1,0,random,discussion,1500
0,100,766,47,0,53,5,5,200,1,0,random,discussion,1500
0,100,767,47,0,53,5,5,200,1,0,random,discussion,1500
0,100,768,47,0,53,5,5,200,1,0,random,discussion,1500
0,100,769,47,0,53,5,5,200,1,0,random,discussion,1500
0,100,770,47,0,53,5,5,200,1,0,random,discussion,1500
0,100,771,46,0,54,5,5,200,1,0,random,discussion,1500
0,100,772,46,0,54,5,5,200,1,0,random,discussion,1500
0,100,773,47,0,53,5,5,200,1,0,random,discussion,1500
0,100,774,47,0,53,5,5,200,1,0,random,discussion,1500
0,100,775,47,0,53,5,5,200,1,0,random,discussion,1500
0,100,776,48,0,52,5,5,200,1,0,random,discussion,1500
0,100,777,48,0,52,5,5,200,1,0,random,discussion,1500
0,100,778,48,0,52,5,5,200,1,0,random,discussion,1500
0,100,779,49,0,51,5,5,200,1,0,random,discussion,1500
0,100,780,49,0,51,5,5,200,1,0,random,discussion,1500
0,100,781,50,0,50,5,5,200,1,0,random,discussion,1500
0,100,782,51,0,49,5,5,200,1,0,random,discussion,1500
0,100,783,51,0,49,5,5,200,1,0,random,discussion,1500
0,100,784,52,0,48,5,5,200,1,0,random,discussion,1500
0,100,785,52,0,48,5,5,200,1,0,random,discussion,1500
0,100,786,52,0,48,5,5,200,1,0,random,discussion,1500
0,100,787,52,0,48,5,5,200,1,0,random,discussion,1500
0,100,788,52,0,48,5,5,200,1,0,random,discussion,1500
0,100,789,52,0,48,5,5,200,1,0,random,discussion,1500
0,100,790,53,0,47,5,5,200,1,0,random,discussion,1500
0,100,791,53,0,47,5,5,200,1,0,random,discussion,1500
0,100,792,53,0,47,5,5,200,1,0,random,discussion,1500
0,100,793,53,0,47,5,5,200,1,0,random,discussion,1500
0,100,794,53,0,47,5,5,200,1,0,random,discussion,1500
0,100,795,53,0,47,5,5,200,1,0,random,discussion,1500
0,100,796,52,0,48,5,5,200,1,0,random,discussion,1500
0,100,797,52,0,48,5,5,200,1,0,random,discussion,1500
0,100,798,53,0,47,5,5,200,1,0,random,discussion,1500
0,100,799,53,0,47,5,5,200,1,0,random,discussion,1500
0,100,800,53,0,47,5,5,200,1,0,random,discussion,1500
0,100,801,54,0,46,5,5,200,1,0,random,discussion,1500
0,100,802,55,0,45,5,5,200,1,0,random,discussion,1500
0,100,803,55,0,45,5,5,200,1,0,random,discussion,1500
0,100,804,55,0,45,5,5,200,1,0,random,discussion,1500
0,100,805,56,0,44,5,5,200,1,0,random,discussion,1500
0,100,806,57,0,43,5,5,200,1,0,random,discussion,1500
0,100,807,57,0,43,5,5,200,1,0,random,discussion,1500
0,100,808,57,0,43,5,5,200,1,0,random,discussion,1500
0,100,809,57,0,43,5,5,200,1,0,random,discussion,1500
0,100,810,57,0,43,5,5,200,1,0,random,discussion,1500
0,100,811,57,0,43,5,5,200,1,0,random,discussion,1500
0,100,812,57,0,43,5,5,200,1,0,random,discussion,1500
0,100,813,57,0,43,5,5,200,1,0,random,discussion,1500
0,100,814,56,0,44,5,5,200,1,0,random,discussion,1500
0,100,815,56,0,44,5,5,200,1,0,random,discussion,1500
0,100,816,56,0,44,5,5,200,1,0,random,discussion,1500
0,100,817,56,0,44,5,5,200,1,0,random,discussion,1500
0,100,818,56,0,44,5,5,200,1,0,random,discussion,1500
0,100,819,56,0,44,5,5,200,1,0,random,discussion,1500
0,100,820,55,0,45,5,5,200,1,0,random,discussion,1500
0,100,821,55,0,45,5,5,200,1,0,random,discussion,1500
0,100,822,55,0,45,5,5,200,1,0,random,discussion,1500
0,100,823,55,0,45,5,5,200,1,0,random,discussion,1500
0,100,824,56,0,44,5,5,200,1,0,random,discussion,1500
0,100,825,56,0,44,5,5,200,1,0,random,discussion,1500
0,100,826,56,0,44,5,5,200,1,0,random,discussion,1500
0,100,827,56,0,44,5,5,200,1,0,random,discussion,1500
0,100,828,56,0,44,5,5,200,1,0,random,discussion,1500
0,100,829,55,0,45,5,5,200,1,0,random,discussion,1500
0,100,830,54,0,46,5,5,200,1,0,random,discussion,1500
0,100,831,54,0,46,5,5,200,1,0,random,discussion,1500
0,100,832,53,0,47,5,5,200,1,0,random,discussion,1500
0,100,833,54,0,46,5,5,200,1,0,random,discussion,1500
0,100,834,54,0,46,5,5,200,1,0,random,discussion,1500
0,100,835,54,0,46,5,5,200,1,0,random,discussion,1500
0,100,836,54,0,46,5,5,200,1,0,random,discussion,1500
0,100,837,54,0,46,5,5,200,1,0,random,discussion,1500
0,100,838,54,0,46,5,5,200,1,0,random,discussion,1500
0,100,839,53,0,47,5,5,200,1,0,random,discussion,1500
0,100,840,53,0,47,5,5,200,1,0,random,discussion,1500
0,100,841,53,0,47,5,5,200,1,0,random,discussion,1500
0,100,842,53,0,47,5,5,200,1,0,random,discussion,1500
0,100,843,53,0,47,5,5,200,1,0,random,discussion,1500
0,100,844,53,0,47,5,5,200,1,0,random,discussion,1500
0,100,845,53,0,47,5,5,200,1,0,random,discussion,1500
0,100,846,52,0,48,5,5,200,1,0,random,discussion,1500
0,100,847,52,0,48,5,5,200,1,0,random,discussion,1500
0,100,848,52,0,48,5,5,200,1,0,random,discussion,1500
0,100,849,52,0,48,5,5,200,1,0,random,discussion,1500
0,100,850,52,0,48,5,5,200,1,0,random,discussion,1500
0,100,851,51,0,49,5,5,200,1,0,random,discussion,1500
0,100,852,50,0,50,5,5,200,1,0,random,discussion,1500
0,100,853,50,0,50,5,5,200,1,0,random,discussion,1500
0,100,854,50,0,50,5,5,200,1,0,random,discussion,1500
0,100,855,50,0,50,5,5,200,1,0,random,discussion,1500
0,100,856,50,0,50,5,5,200,1,0,random,discussion,1500
0,100,857,49,0,51,5,5,200,1,0,random,discussion,1500
0,100,858,49,0,51,5,5,200,1,0,random,discussion,1500
0,100,859,48,0,52,5,5,200,1,0,random,discussion,1500
0,100,860,48,0,52,5,5,200,1,0,random,discussion,1500
0,100,861,48,0,52,5,5,200,1,0,random,discussion,1500
0,100,862,48,0,52,5,5,200,1,0,random,discussion,1500
0,100,863,48,0,52,5,5,200,1,0,random,discussion,1500
0,100,864,48,0,52,5,5,200,1,0,random,discussion,1500
0,100,865,48,0,52,5,5,200,1,0,random,discussion,1500
0,100,866,48,0,52,5,5,200,1,0,random,discussion,1500
0,100,867,47,0,53,5,5,200,1,0,random,discussion,1500
0,100,868,47,0,53,5,5,200,1,0,random,discussion,1500
0,100,869,46,0,54,5,5,200,1,0,random,discussion,1500
0,100,870,46,0,54,5,5,200,1,0,random,discussion,1500
0,100,871,46,0,54,5,5,200,1,0,random,discussion,1500
0,100,872,46,0,54,5,5,200,1,0,random,discussion,1500
0,100,873,47,0,53,5,5,200,1,0,random,discussion,1500
0,100,874,47,0,53,5,5,200,1,0,random,discussion,1500
0,100,875,47,0,53,5,5,200,1,0,random,discussion,1500
0,100,876,47,0,53,5,5,200,1,0,random,discussion,1500
0,100,877,48,0,52,5,5,200,1,0,random,discussion,1500
0,100,878,48,0,52,5,5,200,1,0,random,discussion,1500
0,100,879,48,0,52,5,5,200,1,0,random,discussion,1500
0,100,880,48,0,52,5,5,200,1,0,random,discussion,1500
0,100,881,48,0,52,5,5,200,1,0,random,discussion,1500
0,100,882,48,0,52,5,5,200,1,0,random,discussion,1500
0,100,883,48,0,52,5,5,200,1,0,random,discussion,1500
0,100,884,48,0,52,5,5,200,1,0,random,discussion,1500
0,100,885,49,0,51,5,5,200,1,0,random,discussion,1500
0,100,886,49,0,51,5,5,200,1,0,random,discussion,1500
0,100,887,49,0,51,5,5,200,1,0,random,discussion,1500
0,100,888,49,0,51,5,5,200,1,0,random,discussion,1500
0,100,889,50,0,50,5,5,200,1,0,random,discussion,1500
0,100,890,51,0,49,5,5,200,1,0,random,discussion,1500
0,100,891,51,0,49,5,5,200,1,0,random,discussion,1500
0,100,892,51,0,49,5,5,200,1,0,random,discussion,1500
0,100,893,51,0,49,5,5,200,1,0,random,discussion,1500
0,100,894,51,0,49,5,5,200,1,0,random,discussion,1500
0,100,895,51,0,49,5,5,200,1,0,random,discussion,1500
0,100,896,51,0,49,5,5,200,1,0,random,discussion,1500
0,100,897,51,0,49,5,5,200,1,0,random,discussion,1500
0,100,898,51,0,49,5,5,200,1,0,random,discussion,1500
0,100,899,51,0,49,5,5,200,1,0,random,discussion,1500
0,100,900,50,0,50,5,5,200,1,0,random,discussion,1500
0,100,901,50,0,50,5,5,200,1,0,random,discussion,1500
0,100,902,50,0,50,5,5,200,1,0,random,discussion,1500
0,100,903,50,0,50,5,5,200,1,0,random,discussion,1500
0,100,904,51,0,49,5,5,200,1,0,random,discussion,1500
0,100,905,51,0,49,5,5,200,1,0,random,discussion,1500
0,100,906,51,0,49,5,5,200,1,0,random,discussion,1500
0,100,907,51,0,49,5,5,200,1,0,random,discussion,1500
0,100,908,52,0,48,5,5,200,1,0,random,discussion,1500
0,100,909,52,0,48,5,5,200,1,0,random,discussion,1500
0,100,910,52,0,48,5,5,200,1,0,random,discussion,1500
0,100,911,52,0,48,5,5,200,1,0,random,discussion,1500
0,100,912,53,0,47,5,5,200,1,0,random,discussion,1500
0,100,913,53,0,47,5,5,200,1,0,random,discussion,1500
0,100,914,53,0,47,5,5,200,1,0,random,discussion,1500
0,100,915,53,0,47,5,5,200,1,0,random,discussion,1500
0,100,916,52,0,48,5,5,200,1,0,random,discussion,1500
0,100,917,51,0,49,5,5,200,1,0,random,discussion,1500
0,100,918,51,0,49,5,5,200,1,0,random,discussion,1500
0,100,919,51,0,49,5,5,200,1,0,random,discussion,1500
0,100,920,51,0,49,5,5,200,1,0,random,discussion,1500
0,100,921,51,0,49,5,5,200,1,0,random,discussion,1500
0,100,922,51,0,49,5,5,200,1,0,random,discussion,1500
0,100,923,51,0,49,5,5,200,1,0,random,discussion,1500
0,100,924,51,0,49,5,5,200,1,0,random,discussion,1500
0,100,925,51,0,49,5,5,200,1,0,random,discussion,1500
0,100,926,51,0,49,5,5,200,1,0,random,discussion,1500
0,100,927,50,0,50,5,5,200,1,0,random,discussion,1500
0,100,928,50,0,50,5,5,200,1,0,random,discussion,1500
0,100,929,50,0,50,5,5,200,1,0,random,discussion,1500
0,100,930,50,0,50,5,5,200,1,0,random,discussion,1500
0,100,931,50,0,50,5,5,200,1,0,random,discussion,1500
0,100,932,51,0,49,5,5,200,1,0,random,discussion,1500
0,100,933,51,0,49,5,5,200,1,0,random,discussion,1500
0,100,934,52,0,48,5,5,200,1,0,random,discussion,1500
0,100,935,52,0,48,5,5,200,1,0,random,discussion,1500
0,100,936,52,0,48,5,5,200,1,0,random,discussion,1500
0,100,937,52,0,48,5,5,200,1,0,random,discussion,1500
0,100,938,52,0,48,5,5,200,1,0,random,discussion,1500
0,100,939,52,0,48,5,5,200,1,0,random,discussion,1500
0,100,940,52,0,48,5,5,200,1,0,random,discussion,1500
0,100,941,52,0,48,5,5,200,1,0,random,discussion,1500
0,100,942,52,0,48,5,5,200,1,0,random,discussion,1500
0,100,943,52,0,48,5,5,200,1,0,random,discussion,1500
0,100,944,52,0,48,5,5,200,1,0,random,discussion,1500
0,100,945,52,0,48,5,5,200,1,0,random,discussion,1500
0,100,946,52,0,48,5,5,200,1,0,random,discussion,1500
0,100,947,52,0,48,5,5,200,1,0,random,discussion,1500
0,100,948,52,0,48,5,5,200,1,0,random,discussion,1500
0,100,949,52,0,48,5,5,200,1,0,random,discussion,1500
0,100,950,52,0,48,5,5,200,1,0,random,discussion,1500
0,100,951,53,0,47,5,5,200,1,0,random,discussion,1500
0,100,952,53,0,47,5,5,200,1,0,random,discussion,1500
0,100,953,54,0,46,5,5,200,1,0,random,discussion,1500
0,100,954,54,0,46,5,5,200,1,0,random,discussion,1500
0,100,955,53,0,47,5,5,200,1,0,random,discussion,1500
0,100,956,53,0,47,5,5,200,1,0,random,discussion,1500
0,100,957,53,0,47,5,5,200,1,0,random,discussion,1500
0,100,958,53,0,47,5,5,200,1,0,random,discussion,1500
0,100,959,52,0,48,5,5,200,1,0,random,discussion,1500
0,100,960,52,0,48,5,5,200,1,0,random,discussion,1500
0,100,961,51,0,49,5,5,200,1,0,random,discussion,1500
0,100,962,51,0,49,5,5,200,1,0,random,discussion,1500
0,100,963,50,0,50,5,5,200,1,0,random,discussion,1500
0,100,964,50,0,50,5,5,200,1,0,random,discussion,1500
0,100,965,50,0,50,5,5,200,1,0,random,discussion,1500
0,100,966,51,0,49,5,5,200,1,0,random,discussion,1500
0,100,967,51,0,49,5,5,200,1,0,random,discussion,1500
0,100,968,51,0,49,5,5,200,1,0,random,discussion,1500
0,100,969,50,0,50,5,5,200,1,0,random,discussion,1500
0,100,970,50,0,50,5,5,200,1,0,random,discussion,1500
0,100,971,49,0,51,5,5,200,1,0,random,discussion,1500
0,100,972,50,0,50,5,5,200,1,0,random,discussion,1500
0,100,973,50,0,50,5,5,200,1,0,random,discussion,1500
0,100,974,50,0,50,5,5,200,1,0,random,discussion,1500
0,100,975,50,0,50,5,5,200,1,0,random,discussion,1500
0,100,976,50,0,50,5,5,200,1,0,random,discussion,1500
0,100,977,50,0,50,5,5,200,1,0,random,discussion,1500
0,100,978,50,0,50,5,5,200,1,0,random,discussion,1500
0,100,979,50,0,50,5,5,200,1,0,random,discussion,1500
0,100,980,50,0,50,5,5,200,1,0,random,discussion,1500
0,100,981,50,0,50,5,5,200,1,0,random,discussion,1500
0,100,982,50,0,50,5,5,200,1,0,random,discussion,1500
0,100,983,50,0,50,5,5,200,1,0,random,discussion,1500
0,100,984,51,0,49,5,5,200,1,0,random,discussion,1500
0,100,985,51,0,49,5,5,200,1,0,random,discussion,1500
0,100,986,51,0,49,5,5,200,1,0,random,discussion,1500
0,100,987,51,0,49,5,5,200,1,0,random,discussion,1500
0,100,988,51,0,49,5,5,200,1,0,random,discussion,1500
0,100,989,51,0,49,5,5,200,1,0,random,discussion,1500
0,100,990,51,0,49,5,5,200,1,0,random,discussion,1500
0,100,991,51,0,49,5,5,200,1,0,random,discussion,1500
0,100,992,51,0,49,5,5,200,1,0,random,discussion,1500
0,100,993,51,0,49,5,5,200,1,0,random,discussion,1500
0,100,994,51,0,49,5,5,200,1,0,random,discussion,1500
0,100,995,50,0,50,5,5,200,1,0,random,discussion,1500
0,100,996,50,0,50,5,5,200,1,0,random,discussion,1500
0,100,997,50,0,50,5,5,200,1,0,random,discussion,1500
0,100,998,50,0,50,5,5,200,1,0,random,discussion,1500
0,100,999,49,0,51,5,5,200,1,0,random,discussion,1500
0,100,1000,49,0,51,5,5,200,1,0,random,discussion,1500
0,100,1001,48,0,52,5,5,200,1,0,random,discussion,1500
0,100,1002,47,0,53,5,5,200,1,0,random,discussion,1500
0,100,1003,48,0,52,5,5,200,1,0,random,discussion,1500
0,100,1004,48,0,52,5,5,200,1,0,random,discussion,1500
0,100,1005,48,0,52,5,5,200,1,0,random,discussion,1500
0,100,1006,48,0,52,5,5,200,1,0,random,discussion,1500
0,100,1007,48,0,52,5,5,200,1,0,random,discussion,1500
0,100,1008,48,0,52,5,5,200,1,0,random,discussion,1500
0,100,1009,48,0,52,5,5,200,1,0,random,discussion,1500
0,100,1010,48,0,52,5,5,200,1,0,random,discussion,1500
0,100,1011,49,0,51,5,5,200,1,0,random,discussion,1500
0,100,1012,49,0,51,5,5,200,1,0,random,discussion,1500
0,100,1013,48,0,52,5,5,200,1,0,random,discussion,1500
0,100,1014,48,0,52,5,5,200,1,0,random,discussion,1500
0,100,1015,48,0,52,5,5,200,1,0,random,discussion,1500
0,100,1016,48,0,52,5,5,200,1,0,random,discussion,1500
0,100,1017,48,0,52,5,5,200,1,0,random,discussion,1500
0,100,1018,48,0,52,5,5,200,1,0,random,discussion,1500
0,100,1019,48,0,52,5,5,200,1,0,random,discussion,1500
0,100,1020,47,0,53,5,5,200,1,0,random,discussion,1500
0,100,1021,48,0,52,5,5,200,1,0,random,discussion,1500
0,100,1022,48,0,52,5,5,200,1,0,random,discussion,1500
0,100,1023,48,0,52,5,5,200,1,0,random,discussion,1500
0,100,1024,47,0,53,5,5,200,1,0,random,discussion,1500
0,100,1025,47,0,53,5,5,200,1,0,random,discussion,1500
0,100,1026,47,0,53,5,5,200,1,0,random,discussion,1500
0,100,1027,47,0,53,5,5,200,1,0,random,discussion,1500
0,100,1028,46,0,54,5,5,200,1,0,random,discussion,1500
0,100,1029,45,0,55,5,5,200,1,0,random,discussion,1500
0,100,1030,46,0,54,5,5,200,1,0,random,discussion,1500
0,100,1031,46,0,54,5,5,200,1,0,random,discussion,1500
0,100,1032,46,0,54,5,5,200,1,0,random,discussion,1500
0,100,1033,46,0,54,5,5,200,1,0,random,discussion,1500
0,100,1034,46,0,54,5,5,200,1,0,random,discussion,1500
0,100,1035,46,0,54,5,5,200,1,0,random,discussion,1500
0,100,1036,46,0,54,5,5,200,1,0,random,discussion,1500
0,100,1037,46,0,54,5,5,200,1,0,random,discussion,1500
0,100,1038,46,0,54,5,5,200,1,0,random,discussion,1500
0,100,1039,46,0,54,5,5,200,1,0,random,discussion,1500
0,100,1040,46,0,54,5,5,200,1,0,random,discussion,1500
0,100,1041,46,0,54,5,5,200,1,0,random,discussion,1500
0,100,1042,46,0,54,5,5,200,1,0,random,discussion,1500
0,100,1043,46,0,54,5,5,200,1,0,random,discussion,1500
0,100,1044,46,0,54,5,5,200,1,0,random,discussion,1500
0,100,1045,47,0,53,5,5,200,1,0,random,discussion,1500
0,100,1046,47,0,53,5,5,200,1,0,random,discussion,1500
0,100,1047,47,0,53,5,5,200,1,0,random,discussion,1500
0,100,1048,48,0,52,5,5,200,1,0,random,discussion,1500
0,100,1049,48,0,52,5,5,200,1,0,random,discussion,1500
0,100,1050,49,0,51,5,5,200,1,0,random,discussion,1500
0,100,1051,50,0,50,5,5,200,1,0,random,discussion,1500
0,100,1052,50,0,50,5,5,200,1,0,random,discussion,1500
0,100,1053,50,0,50,5,5,200,1,0,random,discussion,1500
0,100,1054,50,0,50,5,5,200,1,0,random,discussion,1500
0,100,1055,50,0,50,5,5,200,1,0,random,discussion,1500
0,100,1056,50,0,50,5,5,200,1,0,random,discussion,1500
0,100,1057,50,0,50,5,5,200,1,0,random,discussion,1500
0,100,1058,50,0,50,5,5,200,1,0,random,discussion,1500
0,100,1059,50,0,50,5,5,200,1,0,random,discussion,1500
0,100,1060,50,0,50,5,5,200,1,0,random,discussion,1500
0,100,1061,50,0,50,5,5,200,1,0,random,discussion,1500
0,100,1062,50,0,50,5,5,200,1,0,random,discussion,1500
0,100,1063,50,0,50,5,5,200,1,0,random,discussion,1500
0,100,1064,50,0,50,5,5,200,1,0,random,discussion,1500
0,100,1065,50,0,50,5,5,200,1,0,random,discussion,1500
0,100,1066,50,0,50,5,5,200,1,0,random,discussion,1500
0,100,1067,51,0,49,5,5,200,1,0,random,discussion,1500
0,100,1068,50,0,50,5,5,200,1,0,random,discussion,1500
0,100,1069,50,0,50,5,5,200,1,0,random,discussion,1500
0,100,1070,49,0,51,5,5,200,1,0,random,discussion,1500
0,100,1071,50,0,50,5,5,200,1,0,random,discussion,1500
0,100,1072,50,0,50,5,5,200,1,0,random,discussion,1500
0,100,1073,49,0,51,5,5,200,1,0,random,discussion,1500
0,100,1074,49,0,51,5,5,200,1,0,random,discussion,1500
0,100,1075,49,0,51,5,5,200,1,0,random,discussion,1500
0,100,1076,49,0,51,5,5,200,1,0,random,discussion,1500
0,100,1077,49,0,51,5,5,200,1,0,random,discussion,1500
0,100,1078,49,0,51,5,5,200,1,0,random,discussion,1500
0,100,1079,49,0,51,5,5,200,1,0,random,discussion,1500
0,100,1080,49,0,51,5,5,200,1,0,random,discussion,1500
0,100,1081,49,0,51,5,5,200,1,0,random,discussion,1500
0,100,1082,48,0,52,5,5,200,1,0,random,discussion,1500
0,100,1083,48,0,52,5,5,200,1,0,random,discussion,1500
0,100,1084,48,0,52,5,5,200,1,0,random,discussion,1500
0,100,1085,48,0,52,5,5,200,1,0,random,discussion,1500
0,100,1086,47,0,53,5,5,200,1,0,random,discussion,1500
0,100,1087,47,0,53,5,5,200,1,0,random,discussion,1500
0,100,1088,47,0,53,5,5,200,1,0,random,discussion,1500
0,100,1089,47,0,53,5,5,200,1,0,random,discussion,1500
0,100,1090,47,0,53,5,5,200,1,0,random,discussion,1500
0,100,1091,46,0,54,5,5,200,1,0,random,discussion,1500
0,100,1092,46,0,54,5,5,200,1,0,random,discussion,1500
0,100,1093,46,0,54,5,5,200,1,0,random,discussion,1500
0,100,1094,46,0,54,5,5,200,1,0,random,discussion,1500
0,100,1095,46,0,54,5,5,200,1,0,random,discussion,1500
0,100,1096,45,0,55,5,5,200,1,0,random,discussion,1500
0,100,1097,45,0,55,5,5,200,1,0,random,discussion,1500
0,100,1098,45,0,55,5,5,200,1,0,random,discussion,1500
0,100,1099,45,0,55,5,5,200,1,0,random,discussion,1500
0,100,1100,45,0,55,5,5,200,1,0,random,discussion,1500
0,100,1101,45,0,55,5,5,200,1,0,random,discussion,1500
0,100,1102,45,0,55,5,5,200,1,0,random,discussion,1500
0,100,1103,45,0,55,5,5,200,1,0,random,discussion,1500
0,100,1104,45,0,55,5,5,200,1,0,random,discussion,1500
0,100,1105,44,0,56,5,5,200,1,0,random,discussion,1500
0,100,1106,44,0,56,5,5,200,1,0,random,discussion,1500
0,100,1107,44,0,56,5,5,200,1,0,random,discussion,1500
0,100,1108,44,0,56,5,5,200,1,0,random,discussion,1500
0,100,1109,44,0,56,5,5,200,1,0,random,discussion,1500
0,100,1110,43,0,57,5,5,200,1,0,random,discussion,1500
0,100,1111,42,0,58,5,5,200,1,0,random,discussion,1500
0,100,1112,42,0,58,5,5,200,1,0,random,discussion,1500
0,100,1113,42,0,58,5,5,200,1,0,random,discussion,1500
0,100,1114,42,0,58,5,5,200,1,0,random,discussion,1500
0,100,1115,42,0,58,5,5,200,1,0,random,discussion,1500
0,100,1116,42,0,58,5,5,200,1,0,random,discussion,1500
0,100,1117,41,0,59,5,5,200,1,0,random,discussion,1500
0,100,1118,41,0,59,5,5,200,1,0,random,discussion,1500
0,100,1119,40,0,60,5,5,200,1,0,random,discussion,1500
0,100,1120,40,0,60,5,5,200,1,0,random,discussion,1500
0,100,1121,41,0,59,5,5,200,1,0,random,discussion,1500
0,100,1122,42,0,58,5,5,200,1,0,random,discussion,1500
0,100,1123,42,0,58,5,5,200,1,0,random,discussion,1500
0,100,1124,42,0,58,5,5,200,1,0,random,discussion,1500
0,100,1125,41,0,59,5,5,200,1,0,random,discussion,1500
0,100,1126,41,0,59,5,5,200,1,0,random,discussion,1500
0,100,1127,41,0,59,5,5,200,1,0,random,discussion,1500
0,100,1128,41,0,59,5,5,200,1,0,random,discussion,1500
0,100,1129,41,0,59,5,5,200,1,0,random,discussion,1500
0,100,1130,41,0,59,5,5,200,1,0,random,discussion,1500
0,100,1131,41,0,59,5,5,200,1,0,random,discussion,1500
0,100,1132,41,0,59,5,5,200,1,0,random,discussion,1500
0,100,1133,41,0,59,5,5,200,1,0,random,discussion,1500
0,100,1134,41,0,59,5,5,200,1,0,random,discussion,1500
0,100,1135,41,0,59,5,5,200,1,0,random,discussion,1500
0,100,1136,42,0,58,5,5,200,1,0,random,discussion,1500
0,100,1137,41,0,59,5,5,200,1,0,random,discussion,1500
0,100,1138,41,0,59,5,5,200,1,0,random,discussion,1500
0,100,1139,41,0,59,5,5,200,1,0,random,discussion,1500
0,100,1140,41,0,59,5,5,200,1,0,random,discussion,1500
0,100,1141,42,0,58,5,5,200,1,0,random,discussion,1500
0,100,1142,42,0,58,5,5,200,1,0,random,discussion,1500
0,100,1143,42,0,58,5,5,200,1,0,random,discussion,1500
0,100,1144,42,0,58,5,5,200,1,0,random,discussion,1500
0,100,1145,43,0,57,5,5,200,1,0,random,discussion,1500
0,100,1146,42,0,58,5,5,200,1,0,random,discussion,1500
0,100,1147,42,0,58,5,5,200,1,0,random,discussion,1500
0,100,1148,42,0,58,5,5,200,1,0,random,discussion,1500
0,100,1149,43,0,57,5,5,200,1,0,random,discussion,1500
0,100,1150,44,0,56,5,5,200,1,0,random,discussion,1500
0,100,1151,43,0,57,5,5,200,1,0,random,discussion,1500
0,100,1152,43,0,57,5,5,200,1,0,random,discussion,1500
0,100,1153,43,0,57,5,5,200,1,0,random,discussion,1500
0,100,1154,42,0,58,5,5,200,1,0,random,discussion,1500
0,100,1155,42,0,58,5,5,200,1,0,random,discussion,1500
0,100,1156,41,0,59,5,5,200,1,0,random,discussion,1500
0,100,1157,41,0,59,5,5,200,1,0,random,discussion,1500
0,100,1158,41,0,59,5,5,200,1,0,random,discussion,1500
0,100,1159,40,0,60,5,5,200,1,0,random,discussion,1500
0,100,1160,40,0,60,5,5,200,1,0,random,discussion,1500
0,100,1161,39,0,61,5,5,200,1,0,random,discussion,1500
0,100,1162,39,0,61,5,5,200,1,0,random,discussion,1500
0,100,1163,40,0,60,5,5,200,1,0,random,discussion,1500
0,100,1164,39,0,61,5,5,200,1,0,random,discussion,1500
0,100,1165,39,0,61,5,5,200,1,0,random,discussion,1500
0,100,1166,39,0,61,5,5,200,1,0,random,discussion,1500
0,100,1167,39,0,61,5,5,200,1,0,random,discussion,1500
0,100,1168,39,0,61,5,5,200,1,0,random,discussion,1500
0,100,1169,39,0,61,5,5,200,1,0,random,discussion,1500
0,100,1170,40,0,60,5,5,200,1,0,random,discussion,1500
0,100,1171,40,0,60,5,5,200,1,0,random,discussion,1500
0,100,1172,40,0,60,5,5,200,1,0,random,discussion,1500
0,100,1173,40,0,60,5,5,200,1,0,random,discussion,1500
0,100,1174,40,0,60,5,5,200,1,0,random,discussion,1500
0,100,1175,40,0,60,5,5,200,1,0,random,discussion,1500
0,100,1176,40,0,60,5,5,200,1,0,random,discussion,1500
0,100,1177,40,0,60,5,5,200,1,0,random,discussion,1500
0,100,1178,39,0,61,5,5,200,1,0,random,discussion,1500
0,100,1179,39,0,61,5,5,200,1,0,random,discussion,1500
0,100,1180,39,0,61,5,5,200,1,0,random,discussion,1500
0,100,1181,39,0,61,5,5,200,1,0,random,discussion,1500
0,100,1182,39,0,61,5,5,200,1,0,random,discussion,1500
0,100,1183,39,0,61,5,5,200,1,0,random,discussion,1500
0,100,1184,39,0,61,5,5,200,1,0,random,discussion,1500
0,100,1185,39,0,61,5,5,200,1,0,random,discussion,1500
0,100,1186,39,0,61,5,5,200,1,0,random,discussion,1500
0,100,1187,39,0,61,5,5,200,1,0,random,discussion,1500
0,100,1188,38,0,62,5,5,200,1,0,random,discussion,1500
0,100,1189,38,0,62,5,5,200,1,0,random,discussion,1500
0,100,1190,38,0,62,5,5,200,1,0,random,discussion,1500
0,100,1191,37,0,63,5,5,200,1,0,random,discussion,1500
0,100,1192,37,0,63,5,5,200,1,0,random,discussion,1500
0,100,1193,38,0,62,5,5,200,1,0,random,discussion,1500
0,100,1194,38,0,62,5,5,200,1,0,random,discussion,1500
0,100,1195,39,0,61,5,5,200,1,0,random,discussion,1500
0,100,1196,39,0,61,5,5,200,1,0,random,discussion,1500
0,100,1197,39,0,61,5,5,200,1,0,random,discussion,1500
0,100,1198,39,0,61,5,5,200,1,0,random,discussion,1500
0,100,1199,39,0,61,5,5,200,1,0,random,discussion,1500
0,100,1200,39,0,61,5,5,200,1,0,random,discussion,1500
0,100,1201,40,0,60,5,5,200,1,0,random,discussion,1500
0,100,1202,40,0,60,5,5,200,1,0,random,discussion,1500
0,100,1203,40,0,60,5,5,200,1,0,random,discussion,1500
0,100,1204,39,0,61,5,5,200,1,0,random,discussion,1500
0,100,1205,40,0,60,5,5,200,1,0,random,discussion,1500
0,100,1206,40,0,60,5,5,200,1,0,random,discussion,1500
0,100,1207,40,0,60,5,5,200,1,0,random,discussion,1500
0,100,1208,40,0,60,5,5,200,1,0,random,discussion,1500
0,100,1209,39,0,61,5,5,200,1,0,random,discussion,1500
0,100,1210,39,0,61,5,5,200,1,0,random,discussion,1500
0,100,1211,39,0,61,5,5,200,1,0,random,discussion,1500
0,100,1212,39,0,61,5,5,200,1,0,random,discussion,1500
0,100,1213,39,0,61,5,5,200,1,0,random,discussion,1500
0,100,1214,38,0,62,5,5,200,1,0,random,discussion,1500
0,100,1215,38,0,62,5,5,200,1,0,random,discussion,1500
0,100,1216,38,0,62,5,5,200,1,0,random,discussion,1500
0,100,1217,39,0,61,5,5,200,1,0,random,discussion,1500
0,100,1218,40,0,60,5,5,200,1,0,random,discussion,1500
0,100,1219,40,0,60,5,5,200,1,0,random,discussion,1500
0,100,1220,40,0,60,5,5,200,1,0,random,discussion,1500
0,100,1221,40,0,60,5,5,200,1,0,random,discussion,1500
0,100,1222,41,0,59,5,5,200,1,0,random,discussion,1500
0,100,1223,42,0,58,5,5,200,1,0,random,discussion,1500
0,100,1224,42,0,58,5,5,200,1,0,random,discussion,1500
0,100,1225,42,0,58,5,5,200,1,0,random,discussion,1500
0,100,1226,43,0,57,5,5,200,1,0,random,discussion,1500
0,100,1227,43,0,57,5,5,200,1,0,random,discussion,1500
0,100,1228,43,0,57,5,5,200,1,0,random,discussion,1500
0,100,1229,43,0,57,5,5,200,1,0,random,discussion,1500
0,100,1230,43,0,57,5,5,200,1,0,random,discussion,1500
0,100,1231,44,0,56,5,5,200,1,0,random,discussion,1500
0,100,1232,44,0,56,5,5,200,1,0,random,discussion,1500
0,100,1233,44,0,56,5,5,200,1,0,random,discussion,1500
0,100,1234,44,0,56,5,5,200,1,0,random,discussion,1500
0,100,1235,44,0,56,5,5,200,1,0,random,discussion,1500
0,100,1236,45,0,55,5,5,200,1,0,random,discussion,1500
0,100,1237,45,0,55,5,5,200,1,0,random,discussion,1500
0,100,1238,45,0,55,5,5,200,1,0,random,discussion,1500
0,100,1239,45,0,55,5,5,200,1,0,random,discussion,1500
0,100,1240,45,0,55,5,5,200,1,0,random,discussion,1500
0,100,1241,45,0,55,5,5,200,1,0,random,discussion,1500
0,100,1242,45,0,55,5,5,200,1,0,random,discussion,1500
0,100,1243,44,0,56,5,5,200,1,0,random,discussion,1500
0,100,1244,45,0,55,5,5,200,1,0,random,discussion,1500
0,100,1245,45,0,55,5,5,200,1,0,random,discussion,1500
0,100,1246,45,0,55,5,5,200,1,0,random,discussion,1500
0,100,1247,45,0,55,5,5,200,1,0,random,discussion,1500
0,100,1248,45,0,55,5,5,200,1,0,random,discussion,1500
0,100,1249,45,0,55,5,5,200,1,0,random,discussion,1500
0,100,1250,45,0,55,5,5,200,1,0,random,discussion,1500
0,100,1251,45,0,55,5,5,200,1,0,random,discussion,1500
0,100,1252,45,0,55,5,5,200,1,0,random,discussion,1500
0,100,1253,46,0,54,5,5,200,1,0,random,discussion,1500
0,100,1254,46,0,54,5,5,200,1,0,random,discussion,1500
0,100,1255,46,0,54,5,5,200,1,0,random,discussion,1500
0,100,1256,45,0,55,5,5,200,1,0,random,discussion,1500
0,100,1257,45,0,55,5,5,200,1,0,random,discussion,1500
0,100,1258,45,0,55,5,5,200,1,0,random,discussion,1500
0,100,1259,44,0,56,5,5,200,1,0,random,discussion,1500
0,100,1260,44,0,56,5,5,200,1,0,random,discussion,1500
0,100,1261,44,0,56,5,5,200,1,0,random,discussion,1500
0,100,1262,44,0,56,5,5,200,1,0,random,discussion,1500
0,100,1263,44,0,56,5,5,200,1,0,random,discussion,1500
0,100,1264,44,0,56,5,5,200,1,0,random,discussion,1500
0,100,1265,43,0,57,5,5,200,1,0,random,discussion,1500
0,100,1266,43,0,57,5,5,200,1,0,random,discussion,1500
0,100,1267,43,0,57,5,5,200,1,0,random,discussion,1500
0,100,1268,43,0,57,5,5,200,1,0,random,discussion,1500
0,100,1269,43,0,57,5,5,200,1,0,random,discussion,1500
0,100,1270,43,0,57,5,5,200,1,0,random,discussion,1500
0,100,1271,43,0,57,5,5,200,1,0,random,discussion,1500
0,100,1272,43,0,57,5,5,200,1,0,random,discussion,1500
0,100,1273,43,0,57,5,5,200,1,0,random,discussion,1500
0,100,1274,42,0,58,5,5,200,1,0,random,discussion,1500
0,100,1275,42,0,58,5,5,200,1,0,random,discussion,1500
0,100,1276,42,0,58,5,5,200,1,0,random,discussion,1500
0,100,1277,42,0,58,5,5,200,1,0,random,discussion,1500
0,100,1278,42,0,58,5,5,200,1,0,random,discussion,1500
0,100,1279,43,0,57,5,5,200,1,0,random,discussion,1500
0,100,1280,43,0,57,5,5,200,1,0,random,discussion,1500
0,100,1281,43,0,57,5,5,200,1,0,random,discussion,1500
0,100,1282,43,0,57,5,5,200,1,0,random,discussion,1500
0,100,1283,42,0,58,5,5,200,1,0,random,discussion,1500
0,100,1284,41,0,59,5,5,200,1,0,random,discussion,1500
0,100,1285,41,0,59,5,5,200,1,0,random,discussion,1500
0,100,1286,41,0,59,5,5,200,1,0,random,discussion,1500
0,100,1287,41,0,59,5,5,200,1,0,random,discussion,1500
0,100,1288,41,0,59,5,5,200,1,0,random,discussion,1500
0,100,1289,41,0,59,5,5,200,1,0,random,discussion,1500
0,100,1290,41,0,59,5,5,200,1,0,random,discussion,1500
0,100,1291,42,0,58,5,5,200,1,0,random,discussion,1500
0,100,1292,42,0,58,5,5,200,1,0,random,discussion,1500
0,100,1293,41,0,59,5,5,200,1,0,random,discussion,1500
0,100,1294,40,0,60,5,5,200,1,0,random,discussion,1500
0,100,1295,40,0,60,5,5,200,1,0,random,discussion,1500
0,100,1296,40,0,60,5,5,200,1,0,random,discussion,1500
0,100,1297,40,0,60,5,5,200,1,0,random,discussion,1500
0,100,1298,40,0,60,5,5,200,1,0,random,discussion,1500
0,100,1299,39,0,61,5,5,200,1,0,random,discussion,1500
0,100,1300,40,0,60,5,5,200,1,0,random,discussion,1500
0,100,1301,40,0,60,5,5,200,1,0,random,discussion,1500
0,100,1302,41,0,59,5,5,200,1,0,random,discussion,1500
0,100,1303,41,0,59,5,5,200,1,0,random,discussion,1500
0,100,1304,41,0,59,5,5,200,1,0,random,discussion,1500
0,100,1305,41,0,59,5,5,200,1,0,random,discussion,1500
0,100,1306,40,0,60,5,5,200,1,0,random,discussion,1500
0,100,1307,40,0,60,5,5,200,1,0,random,discussion,1500
0,100,1308,40,0,60,5,5,200,1,0,random,discussion,1500
0,100,1309,40,0,60,5,5,200,1,0,random,discussion,1500
0,100,1310,40,0,60,5,5,200,1,0,random,discussion,1500
0,100,1311,40,0,60,5,5,200,1,0,random,discussion,1500
0,100,1312,40,0,60,5,5,200,1,0,random,discussion,1500
0,100,1313,40,0,60,5,5,200,1,0,random,discussion,1500
0,100,1314,40,0,60,5,5,200,1,0,random,discussion,1500
0,100,1315,40,0,60,5,5,200,1,0,random,discussion,1500
0,100,1316,39,0,61,5,5,200,1,0,random,discussion,1500
0,100,1317,39,0,61,5,5,200,1,0,random,discussion,1500
0,100,1318,38,0,62,5,5,200,1,0,random,discussion,1500
0,100,1319,38,0,62,5,5,200,1,0,random,discussion,1500
0,100,1320,38,0,62,5,5,200,1,0,random,discussion,1500
0,100,1321,38,0,62,5,5,200,1,0,random,discussion,1500
0,100,1322,38,0,62,5,5,200,1,0,random,discussion,1500
0,100,1323,37,0,63,5,5,200,1,0,random,discussion,1500
0,100,1324,37,0,63,5,5,200,1,0,random,discussion,1500
0,100,1325,37,0,63,5,5,200,1,0,random,discussion,1500
0,100,1326,37,0,63,5,5,200,1,0,random,discussion,1500
0,100,1327,37,0,63,5,5,200,1,0,random,discussion,1500
0,100,1328,37,0,63,5,5,200,1,0,random,discussion,1500
0,100,1329,37,0,63,5,5,200,1,0,random,discussion,1500
0,100,1330,37,0,63,5,5,200,1,0,random,discussion,1500
0,100,1331,37,0,63,5,5,200,1,0,random,discussion,1500
0,100,1332,37,0,63,5,5,200,1,0,random,discussion,1500
0,100,1333,37,0,63,5,5,200,1,0,random,discussion,1500
0,100,1334,36,0,64,5,5,200,1,0,random,discussion,1500
0,100,1335,36,0,64,5,5,200,1,0,random,discussion,1500
0,100,1336,35,0,65,5,5,200,1,0,random,discussion,1500
0,100,1337,35,0,65,5,5,200,1,0,random,discussion,1500
0,100,1338,36,0,64,5,5,200,1,0,random,discussion,1500
0,100,1339,36,0,64,5,5,200,1,0,random,discussion,1500
0,100,1340,36,0,64,5,5,200,1,0,random,discussion,1500
0,100,1341,36,0,64,5,5,200,1,0,random,discussion,1500
0,100,1342,36,0,64,5,5,200,1,0,random,discussion,1500
0,100,1343,36,0,64,5,5,200,1,0,random,discussion,1500
0,100,1344,36,0,64,5,5,200,1,0,random,discussion,1500
0,100,1345,36,0,64,5,5,200,1,0,random,discussion,1500
0,100,1346,36,0,64,5,5,200,1,0,random,discussion,1500
0,100,1347,36,0,64,5,5,200,1,0,random,discussion,1500
0,100,1348,36,0,64,5,5,200,1,0,random,discussion,1500
0,100,1349,36,0,64,5,5,200,1,0,random,discussion,1500
0,100,1350,36,0,64,5,5,200,1,0,random,discussion,1500
0,100,1351,36,0,64,5,5,200,1,0,random,discussion,1500
0,100,1352,36,0,64,5,5,200,1,0,random,discussion,1500
0,100,1353,36,0,64,5,5,200,1,0,random,discussion,1500
0,100,1354,36,0,64,5,5,200,1,0,random,discussion,1500
0,100,1355,36,0,64,5,5,200,1,0,random,discussion,1500
0,100,1356,36,0,64,5,5,200,1,0,random,discussion,1500
0,100,1357,36,0,64,5,5,200,1,0,random,discussion,1500
0,100,1358,37,0,63,5,5,200,1,0,random,discussion,1500
0,100,1359,37,0,63,5,5,200,1,0,random,discussion,1500
0,100,1360,37,0,63,5,5,200,1,0,random,discussion,1500
0,100,1361,38,0,62,5,5,200,1,0,random,discussion,1500
0,100,1362,38,0,62,5,5,200,1,0,random,discussion,1500
0,100,1363,38,0,62,5,5,200,1,0,random,discussion,1500
0,100,1364,38,0,62,5,5,200,1,0,random,discussion,1500
0,100,1365,38,0,62,5,5,200,1,0,random,discussion,1500
0,100,1366,38,0,62,5,5,200,1,0,random,discussion,1500
0,100,1367,38,0,62,5,5,200,1,0,random,discussion,1500
0,100,1368,38,0,62,5,5,200,1,0,random,discussion,1500
0,100,1369,38,0,62,5,5,200,1,0,random,discussion,1500
0,100,1370,38,0,62,5,5,200,1,0,random,discussion,1500
0,100,1371,38,0,62,5,5,200,1,0,random,discussion,1500
0,100,1372,38,0,62,5,5,200,1,0,random,discussion,1500
0,100,1373,39,0,61,5,5,200,1,0,random,discussion,1500
0,100,1374,39,0,61,5,5,200,1,0,random,discussion,1500
0,100,1375,40,0,60,5,5,200,1,0,random,discussion,1500
0,100,1376,39,0,61,5,5,200,1,0,random,discussion,1500
0,100,1377,39,0,61,5,5,200,1,0,random,discussion,1500
0,100,1378,38,0,62,5,5,200,1,0,random,discussion,1500
0,100,1379,38,0,62,5,5,200,1,0,random,discussion,1500
0,100,1380,38,0,62,5,5,200,1,0,random,discussion,1500
0,100,1381,38,0,62,5,5,200,1,0,random,discussion,1500
0,100,1382,37,0,63,5,5,200,1,0,random,discussion,1500
0,100,1383,37,0,63,5,5,200,1,0,random,discussion,1500
0,100,1384,37,0,63,5,5,200,1,0,random,discussion,1500
0,100,1385,36,0,64,5,5,200,1,0,random,discussion,1500
0,100,1386,36,0,64,5,5,200,1,0,random,discussion,1500
0,100,1387,36,0,64,5,5,200,1,0,random,discussion,1500
0,100,1388,36,0,64,5,5,200,1,0,random,discussion,1500
0,100,1389,36,0,64,5,5,200,1,0,random,discussion,1500
0,100,1390,36,0,64,5,5,200,1,0,random,discussion,1500
0,100,1391,36,0,64,5,5,200,1,0,random,discussion,1500
0,100,1392,36,0,64,5,5,200,1,0,random,discussion,1500
0,100,1393,36,0,64,5,5,200,1,0,random,discussion,1500
0,100,1394,36,0,64,5,5,200,1,0,random,discussion,1500
0,100,1395,36,0,64,5,5,200,1,0,random,discussion,1500
0,100,1396,36,0,64,5,5,200,1,0,random,discussion,1500
0,100,1397,35,0,65,5,5,200,1,0,random,discussion,1500
0,100,1398,35,0,65,5,5,200,1,0,random,discussion,1500
0,100,1399,36,0,64,5,5,200,1,0,random,discussion,1500
0,100,1400,36,0,64,5,5,200,1,0,random,discussion,1500
0,100,1401,36,0,64,5,5,200,1,0,random,discussion,1500
0,100,1402,35,0,65,5,5,200,1,0,random,discussion,1500
0,100,1403,35,0,65,5,5,200,1,0,random,discussion,1500
0,100,1404,34,0,66,5,5,200,1,0,random,discussion,1500
0,100,1405,34,0,66,5,5,200,1,0,random,discussion,1500
0,100,1406,34,0,66,5,5,200,1,0,random,discussion,1500
0,100,1407,34,0,66,5,5,200,1,0,random,discussion,1500
0,100,1408,34,0,66,5,5,200,1,0,random,discussion,1500
0,100,1409,34,0,66,5,5,200,1,0,random,discussion,1500
0,100,1410,34,0,66,5,5,200,1,0,random,discussion,1500
0,100,1411,34,0,66,5,5,200,1,0,random,discussion,1500
0,100,1412,34,0,66,5,5,200,1,0,random,discussion,1500
0,100,1413,34,0,66,5,5,200,1,0,random,discussion,1500
0,100,1414,34,0,66,5,5,200,1,0,random,discussion,1500
0,100,1415,34,0,66,5,5,200,1,0,random,discussion,1500
0,100,1416,34,0,66,5,5,200,1,0,random,discussion,1500
0,100,1417,34,0,66,5,5,200,1,0,random,discussion,1500
0,100,1418,34,0,66,5,5,200,1,0,random,discussion,1500
0,100,1419,34,0,66,5,5,200,1,0,random,discussion,1500
0,100,1420,34,0,66,5,5,200,1,0,random,discussion,1500
0,100,1421,34,0,66,5,5,200,1,0,random,discussion,1500
0,100,1422,34,0,66,5,5,200,1,0,random,discussion,1500
0,100,1423,34,0,66,5,5,200,1,0,random,discussion,1500
0,100,1424,34,0,66,5,5,200,1,0,random,discussion,1500
0,100,1425,35,0,65,5,5,200,1,0,random,discussion,1500
0,100,1426,35,0,65,5,5,200,1,0,random,discussion,1500
0,100,1427,35,0,65,5,5,200,1,0,random,discussion,1500
0,100,1428,35,0,65,5,5,200,1,0,random,discussion,1500
0,100,1429,35,0,65,5,5,200,1,0,random,discussion,1500
0,100,1430,35,0,65,5,5,200,1,0,random,discussion,1500
0,100,1431,35,0,65,5,5,200,1,0,random,discussion,1500
0,100,1432,35,0,65,5,5,200,1,0,random,discussion,1500
0,100,1433,35,0,65,5,5,200,1,0,random,discussion,1500
0,100,1434,35,0,65,5,5,200,1,0,random,discussion,1500
0,100,1435,35,0,65,5,5,200,1,0,random,discussion,1500
0,100,1436,35,0,65,5,5,200,1,0,random,discussion,1500
0,100,1437,35,0,65,5,5,200,1,0,random,discussion,1500
0,100,1438,36,0,64,5,5,200,1,0,random,discussion,1500
0,100,1439,36,0,64,5,5,200,1,0,random,discussion,1500
0,100,1440,36,0,64,5,5,200,1,0,random,discussion,1500
0,100,1441,36,0,64,5,5,200,1,0,random,discussion,1500
0,100,1442,36,0,64,5,5,200,1,0,random,discussion,1500
0,100,1443,36,0,64,5,5,200,1,0,random,discussion,1500
0,100,1444,36,0,64,5,5,200,1,0,random,discussion,1500
0,100,1445,36,0,64,5,5,200,1,0,random,discussion,1500
0,100,1446,36,0,64,5,5,200,1,0,random,discussion,1500
0,100,1447,36,0,64,5,5,200,1,0,random,discussion,1500
0,100,1448,36,0,64,5,5,200,1,0,random,discussion,1500
0,100,1449,36,0,64,5,5,200,1,0,random,discussion,1500
0,100,1450,37,0,63,5,5,200,1,0,random,discussion,1500
0,100,1451,38,0,62,5,5,200,1,0,random,discussion,1500
0,100,1452,38,0,62,5,5,200,1,0,random,discussion,1500
0,100,1453,38,0,62,5,5,200,1,0,random,discussion,1500
0,100,1454,38,0,62,5,5,200,1,0,random,discussion,1500
0,100,1455,37,0,63,5,5,200,1,0,random,discussion,1500
0,100,1456,37,0,63,5,5,200,1,0,random,discussion,1500
0,100,1457,38,0,62,5,5,200,1,0,random,discussion,1500
0,100,1458,39,0,61,5,5,200,1,0,random,discussion,1500
0,100,1459,39,0,61,5,5,200,1,0,random,discussion,1500
0,100,1460,39,0,61,5,5,200,1,0,random,discussion,1500
0,100,1461,39,0,61,5,5,200,1,0,random,discussion,1500
0,100,1462,39,0,61,5,5,200,1,0,random,discussion,1500
0,100,1463,39,0,61,5,5,200,1,0,random,discussion,1500
0,100,1464,39,0,61,5,5,200,1,0,random,discussion,1500
0,100,1465,39,0,61,5,5,200,1,0,random,discussion,1500
0,100,1466,39,0,61,5,5,200,1,0,random,discussion,1500
0,100,1467,39,0,61,5,5,200,1,0,random,discussion,1500
0,100,1468,39,0,61,5,5,200,1,0,random,discussion,1500
0,100,1469,39,0,61,5,5,200,1,0,random,discussion,1500
0,100,1470,39,0,61,5,5,200,1,0,random,discussion,1500
0,100,1471,39,0,61,5,5,200,1,0,random,discussion,1500
0,100,1472,39,0,61,5,5,200,1,0,random,discussion,1500
0,100,1473,39,0,61,5,5,200,1,0,random,discussion,1500
0,100,1474,40,0,60,5,5,200,1,0,random,discussion,1500
0,100,1475,39,0,61,5,5,200,1,0,random,discussion,1500
0,100,1476,39,0,61,5,5,200,1,0,random,discussion,1500
0,100,1477,40,0,60,5,5,200,1,0,random,discussion,1500
0,100,1478,40,0,60,5,5,200,1,0,random,discussion,1500
0,100,1479,40,0,60,5,5,200,1,0,random,discussion,1500
0,100,1480,40,0,60,5,5,200,1,0,random,discussion,1500
0,100,1481,40,0,60,5,5,200,1,0,random,discussion,1500
0,100,1482,40,0,60,5,5,200,1,0,random,discussion,1500
0,100,1483,41,0,59,5,5,200,1,0,random,discussion,1500
0,100,1484,41,0,59,5,5,200,1,0,random,discussion,1500
0,100,1485,40,0,60,5,5,200,1,0,random,discussion,1500
0,100,1486,39,0,61,5,5,200,1,0,random,discussion,1500
0,100,1487,39,0,61,5,5,200,1,0,random,discussion,1500
0,100,1488,40,0,60,5,5,200,1,0,random,discussion,1500
0,100,1489,40,0,60,5,5,200,1,0,random,discussion,1500
0,100,1490,40,0,60,5,5,200,1,0,random,discussion,1500
0,100,1491,40,0,60,5,5,200,1,0,random,discussion,1500
0,100,1492,40,0,60,5,5,200,1,0,random,discussion,1500
0,100,1493,41,0,59,5,5,200,1,0,random,discussion,1500
0,100,1494,41,0,59,5,5,200,1,0,random,discussion,1500
0,100,1495,41,0,59,5,5,200,1,0,random,discussion,1500
0,100,1496,41,0,59,5,5,200,1,0,random,discussion,1500
0,100,1497,41,0,59,5,5,200,1,0,random,discussion,1500
0,100,1498,40,0,60,5,5,200,1,0,random,discussion,1500
0,100,1499,39,0,61,5,5,200,1,0,random,discussion,1500
0,100,1500,39,0,61,5,5,200,1,0,random,discussion,1500
